id,cust_first_name,cust_last_name,email,brand,model,produce_year,price
1,Eben,Eckly,eeckly0@cisco.com,Ford,Econoline E250,2000,$142491.96
2,Roze,Bracchi,rbracchi1@redcross.org,Dodge,Avenger,2000,$155259.50
3,Bertram,Coraini,bcoraini2@archive.org,Saab,9000,1996,$58439.18
4,Timothy,Constant,tconstant3@livejournal.com,Audi,Quattro,1992,$37731.59
5,Claudie,Schimmang,cschimmang4@live.com,Cadillac,Escalade,2010,$98561.21
6,Michele,Starr,mstarr5@kickstarter.com,BMW,M3,1999,$48253.01
7,Feliza,Sanchez,fsanchez6@surveymonkey.com,Maybach,62,2012,$45873.94
8,Martha,Windridge,mwindridge7@amazon.de,Plymouth,Breeze,2000,$81065.61
9,Yancey,Meadows,ymeadows8@printfriendly.com,Lincoln,Continental Mark VII,1989,$106960.73
10,Peg,Pluck,ppluck9@wired.com,GMC,3500,1996,$60161.02
11,Bink,Gepheart,bgephearta@noaa.gov,Subaru,Outback,2012,$184913.75
12,Hannis,Izchaki,hizchakib@si.edu,Audi,TT,2003,$61363.28
13,Wilbert,Loomes,wloomesc@desdev.cn,Kia,Sephia,2001,$115774.83
14,Kingsly,Sycamore,ksycamored@google.it,Honda,Accord,2002,$138007.03
15,Anthe,Goathrop,agoathrope@seattletimes.com,Mazda,MX-5,2010,$83707.21
16,Daphne,Snaddon,dsnaddonf@tinypic.com,Bentley,Arnage,2008,$45801.98
17,Aurelie,Rubinek,arubinekg@nymag.com,Ford,E-Series,2001,$101108.10
18,Angelia,Gaither,agaitherh@google.com.au,Audi,Q7,2011,$28932.59
19,Joya,Dresse,jdressei@epa.gov,Ford,Econoline E150,1992,$150423.87
20,Lottie,Barck,lbarckj@altervista.org,Land Rover,Freelander,2001,$197331.28
21,Elspeth,Logue,eloguek@google.com,GMC,Sonoma Club,1992,$177086.46
22,Gabie,Hovel,ghovell@unesco.org,Lamborghini,Countach,1986,$57754.80
23,Codie,Demangeot,cdemangeotm@patch.com,Pontiac,Bonneville,1992,$34136.01
24,Ettie,Tanton,etantonn@360.cn,Dodge,Neon,1998,$183170.00
25,Hadrian,Bullimore,hbullimoreo@icq.com,Toyota,TundraMax,2007,$151147.39
26,Melinde,Prando,mprandop@meetup.com,Lincoln,MKZ,2009,$82975.54
27,Meris,Ratley,mratleyq@youtube.com,Chevrolet,Express 1500,2003,$35449.14
28,Marita,Gail,mgailr@squarespace.com,Oldsmobile,88,1996,$23419.44
29,Dagmar,Dries,ddriess@ezinearticles.com,Buick,Park Avenue,1997,$35954.11
30,Maxim,Dibbert,mdibbertt@myspace.com,Chevrolet,Express 1500,2001,$19192.99
31,Travers,Adamiec,tadamiecu@apple.com,Ford,Excursion,2005,$162860.47
32,Myer,Lomb,mlombv@who.int,Honda,Accord,1997,$84493.19
33,Betteann,Caldaro,bcaldarow@reverbnation.com,Corbin,Sparrow,1999,$24875.19
34,Clint,Duckerin,cduckerinx@1688.com,Subaru,Legacy,2007,$49810.60
35,Hermon,Esser,hessery@geocities.jp,Mercedes-Benz,E-Class,1995,$134406.78
36,Onfre,Wilstead,owilsteadz@webmd.com,Suzuki,Swift,2000,$115680.01
37,Erskine,Yorkston,eyorkston10@europa.eu,Nissan,Frontier,2004,$99127.93
38,Gerard,Keilty,gkeilty11@mashable.com,Toyota,4Runner,1994,$100909.18
39,Dallis,Loudyan,dloudyan12@dailymail.co.uk,Mazda,Miata MX-5,1995,$157930.82
40,Bartholomew,McCreedy,bmccreedy13@oakley.com,Infiniti,G,1995,$95549.35
41,Donovan,Tabourin,dtabourin14@baidu.com,Chevrolet,Venture,1998,$104023.32
42,Ignaz,Girardin,igirardin15@eventbrite.com,Mercury,Cougar,1992,$192314.41
43,Tuckie,Ouchterlony,touchterlony16@thetimes.co.uk,Toyota,Land Cruiser,2011,$143794.76
44,Felicio,Chezelle,fchezelle17@sciencedirect.com,Chevrolet,Prizm,2001,$92787.19
45,Amargo,Beviss,abeviss18@prlog.org,Mazda,B2600,1987,$102070.04
46,Ranique,Fadian,rfadian19@abc.net.au,Honda,Odyssey,2005,$57906.99
47,Tuck,Giabucci,tgiabucci1a@amazon.com,Saab,9-5,2002,$147112.79
48,Shandra,Stidston,sstidston1b@blinklist.com,Chevrolet,Suburban 2500,1999,$129721.21
49,Gale,Danne,gdanne1c@oaic.gov.au,Saturn,Outlook,2007,$135102.97
50,Herbie,Khomin,hkhomin1d@hatena.ne.jp,Cadillac,STS,2011,$32484.00
51,Cori,Lindelof,clindelof1e@mapy.cz,Ford,LTD Crown Victoria,1990,$142973.84
52,Woodrow,Kersting,wkersting1f@multiply.com,Volkswagen,Jetta,2002,$101706.99
53,Mortie,Cotterill,mcotterill1g@reddit.com,Ford,F150,2001,$29189.50
54,Scot,Demaine,sdemaine1h@unc.edu,Toyota,Sienna,2000,$35878.49
55,Mahala,Alger,malger1i@cdbaby.com,Ford,Falcon,1966,$114726.16
56,Constantia,Faint,cfaint1j@fda.gov,Hyundai,Accent,2005,$190414.09
57,Dugald,Sima,dsima1k@a8.net,Saturn,Outlook,2009,$86293.04
58,Ulberto,Olligan,uolligan1l@discuz.net,Chevrolet,Corvette,1968,$142003.48
59,Koressa,Realff,krealff1m@1688.com,Saab,9000,1997,$66578.13
60,Salomon,Rowes,srowes1n@mashable.com,Dodge,Ram 3500 Club,1997,$39147.20
61,Homer,Balsom,hbalsom1o@dagondesign.com,Buick,Enclave,2011,$75878.11
62,Guenna,Hanbidge,ghanbidge1p@lycos.com,Ford,Explorer Sport Trac,2010,$22754.83
63,Stafford,Sturt,ssturt1q@ibm.com,Aston Martin,Virage,2011,$67509.40
64,Lenka,Verdun,lverdun1r@bigcartel.com,Nissan,Quest,1994,$105275.04
65,Debbi,Mustard,dmustard1s@answers.com,Lexus,ES,2008,$20679.74
66,Inge,Ayce,iayce1t@disqus.com,Audi,A3,2008,$195398.50
67,Sherye,Leroux,sleroux1u@webnode.com,Mercury,Sable,1995,$138796.09
68,Lothaire,Rapinett,lrapinett1v@weather.com,Buick,Lucerne,2009,$19554.97
69,Daphene,Haestier,dhaestier1w@comsenz.com,Porsche,Cayenne,2003,$193957.13
70,Bastian,O'Malley,bomalley1x@nifty.com,Ford,Bronco,1986,$71224.23
71,Janeen,Beach,jbeach1y@cisco.com,Chevrolet,Tahoe,1996,$67823.49
72,Livia,Seabright,lseabright1z@discuz.net,Mercury,Mountaineer,2009,$145259.27
73,Chandler,Gunny,cgunny20@answers.com,Mazda,Familia,1988,$144856.19
74,Sharron,Di Nisco,sdinisco21@booking.com,Ford,E150,2004,$40155.29
75,Priscilla,Pincked,ppincked22@adobe.com,Bentley,Azure,2007,$145983.99
76,Anselma,O'Lenechan,aolenechan23@phoca.cz,Lotus,Esprit Turbo,1984,$36729.18
77,Marianne,Ducker,mducker24@google.com.au,Lexus,RX Hybrid,2008,$141322.93
78,Sutherland,Tettley,stettley25@creativecommons.org,Infiniti,G,2009,$158713.56
79,Wendie,Hyne,whyne26@cbslocal.com,Mazda,B-Series,2007,$188626.68
80,Vito,Blofeld,vblofeld27@discuz.net,Subaru,Alcyone SVX,1996,$63845.50
81,Joell,Osipov,josipov28@cnet.com,Lexus,SC,2003,$17410.90
82,Layney,Meininger,lmeininger29@infoseek.co.jp,Volvo,S40,2000,$123021.56
83,Bunni,Coverley,bcoverley2a@google.co.jp,Chrysler,PT Cruiser,2004,$57726.57
84,Clyde,Loadman,cloadman2b@nature.com,Chrysler,300,2010,$117903.06
85,Jermaine,Placide,jplacide2c@yellowpages.com,Chevrolet,Silverado 1500,2005,$73218.32
86,Sergio,Pietrowski,spietrowski2d@loc.gov,Mercury,Grand Marquis,1994,$151559.27
87,Shel,Martynov,smartynov2e@ovh.net,Honda,Odyssey,2010,$109277.30
88,Hubey,Meatyard,hmeatyard2f@google.es,Dodge,Grand Caravan,2008,$114687.39
89,Ros,Cossington,rcossington2g@flickr.com,Chevrolet,Venture,2005,$38859.47
90,Corney,Wager,cwager2h@ucoz.ru,Acura,TL,2003,$118497.41
91,Dall,Gabb,dgabb2i@alexa.com,Toyota,Sienna,2008,$94587.41
92,Rosalie,Medendorp,rmedendorp2j@mtv.com,Dodge,Ram 3500,1994,$80177.99
93,Honoria,Donkersley,hdonkersley2k@kickstarter.com,Hummer,H2,2007,$181108.12
94,Iorgo,Srutton,isrutton2l@nhs.uk,Ford,F250,2012,$181477.64
95,Bekki,Raselles,braselles2m@bloglines.com,Pontiac,1000,1986,$14151.71
96,Kincaid,Abys,kabys2n@earthlink.net,Toyota,Camry,2011,$179165.41
97,Jeri,Oulner,joulner2o@scientificamerican.com,Mazda,MX-6,1988,$107047.51
98,Caren,Izkovici,cizkovici2p@last.fm,Ford,Edge,2008,$36261.36
99,Patty,Barrott,pbarrott2q@blogger.com,BMW,M,2002,$182098.98
100,Denver,Cancellieri,dcancellieri2r@theglobeandmail.com,Dodge,Ram Van 2500,1999,$167223.14
101,Conan,O'Fergus,cofergus2s@theglobeandmail.com,Geo,Prizm,1995,$18259.92
102,Lydia,Thirkettle,lthirkettle2t@dailymotion.com,Saab,9000,1996,$28833.00
103,Concettina,Cruden,ccruden2u@wsj.com,Volvo,C30,2013,$72971.09
104,Kerianne,Espinola,kespinola2v@sourceforge.net,Lotus,Elan,1992,$154524.25
105,Melisent,Bradfield,mbradfield2w@surveymonkey.com,Lincoln,Continental,1988,$15921.75
106,Bernadine,Sighard,bsighard2x@squidoo.com,Isuzu,Rodeo,1994,$94402.99
107,Darsey,Stanford,dstanford2y@tripadvisor.com,Pontiac,Trans Sport,1998,$165022.90
108,Selia,Hambribe,shambribe2z@privacy.gov.au,Nissan,Pathfinder,2003,$156577.46
109,Hillel,McAlindon,hmcalindon30@over-blog.com,Chevrolet,TrailBlazer,2007,$87008.36
110,Constantine,Klesse,cklesse31@spiegel.de,BMW,7 Series,2004,$190017.28
111,Allina,Myton,amyton32@hostgator.com,Ford,Mustang,2007,$113180.82
112,Gizela,Askam,gaskam33@harvard.edu,Ford,Mustang,2013,$41557.22
113,Melony,Tarquinio,mtarquinio34@wikia.com,Mitsubishi,Pajero,2001,$159724.34
114,Davidson,Hedden,dhedden35@howstuffworks.com,Chevrolet,Impala,1995,$69493.06
115,Zorina,Georgeon,zgeorgeon36@ft.com,Maserati,Quattroporte,2009,$47147.93
116,Tana,Blowes,tblowes37@simplemachines.org,Lamborghini,Murciélago,2009,$139477.02
117,Obadias,Slate,oslate38@bloglovin.com,Toyota,Prius,2001,$33283.53
118,Wolfie,Antyukhin,wantyukhin39@zdnet.com,Buick,Rainier,2007,$161603.21
119,Gerry,Murdie,gmurdie3a@house.gov,Chevrolet,Astro,2005,$163742.01
120,Elle,McKeady,emckeady3b@bizjournals.com,Mitsubishi,Galant,2006,$154606.98
121,Deedee,Campe,dcampe3c@mashable.com,Kia,Spectra,2001,$74457.84
122,Reynard,Reder,rreder3d@dion.ne.jp,Chevrolet,Corvette,2000,$80118.97
123,Karalee,Djordjevic,kdjordjevic3e@weather.com,Mitsubishi,Diamante,2001,$83334.81
124,Evelina,Biglin,ebiglin3f@guardian.co.uk,MINI,Cooper Countryman,2011,$26564.98
125,Lanae,Loughran,lloughran3g@scribd.com,Mercedes-Benz,W201,1993,$15409.30
126,Jillene,Blakeston,jblakeston3h@mail.ru,Dodge,Grand Caravan,2005,$153795.78
127,Gussy,McGarva,gmcgarva3i@amazonaws.com,Nissan,Armada,2010,$20941.04
128,Jenna,Lamble,jlamble3j@bing.com,Lexus,ES,1998,$173823.94
129,Ellene,Besson,ebesson3k@umn.edu,Chevrolet,Silverado 3500,2010,$119152.22
130,Ferdie,Reah,freah3l@nba.com,Lexus,LS,1996,$160077.20
131,Candra,Van der Brugge,cvanderbrugge3m@twitter.com,Ford,Mustang,1967,$121253.60
132,Margarete,Neale,mneale3n@java.com,Volkswagen,New Beetle,2009,$179320.84
133,Carley,Kearn,ckearn3o@elpais.com,Chevrolet,Monza,1975,$116141.28
134,Chelsea,Keppin,ckeppin3p@alexa.com,Chevrolet,Monte Carlo,2002,$36480.93
135,Kaylee,Nicholson,knicholson3q@cam.ac.uk,Volkswagen,Passat,1994,$174997.26
136,Elnore,Tansley,etansley3r@ft.com,Mitsubishi,Montero,2004,$101594.00
137,Hoyt,Hannaby,hhannaby3s@naver.com,Mercedes-Benz,SL-Class,2004,$198564.84
138,Clayton,Acedo,cacedo3t@economist.com,Lincoln,Mark VII,1992,$90961.52
139,May,Crockett,mcrockett3u@seattletimes.com,Saab,9-3,2008,$138509.86
140,Deck,Domleo,ddomleo3v@istockphoto.com,Mazda,Millenia,1998,$159324.87
141,Dawn,Segge,dsegge3w@usa.gov,Ford,Mustang,1970,$152691.14
142,Shaughn,Beardshaw,sbeardshaw3x@jigsy.com,GMC,Yukon XL 1500,2001,$73452.77
143,Steven,Kelner,skelner3y@foxnews.com,Geo,Tracker,1995,$172226.18
144,Fiann,Duinbleton,fduinbleton3z@apple.com,Mazda,RX-8,2009,$179313.52
145,Anatola,Dowty,adowty40@shop-pro.jp,Chevrolet,Malibu,2012,$79327.16
146,Blinny,Battman,bbattman41@eepurl.com,Chevrolet,Camaro,1968,$30510.15
147,Dare,Pancoast,dpancoast42@hc360.com,Isuzu,Hombre Space,1999,$174483.92
148,April,McCullouch,amccullouch43@tumblr.com,Isuzu,Trooper,1994,$170086.23
149,Minni,Gosker,mgosker44@mozilla.org,Isuzu,Rodeo,1992,$104298.45
150,Hyacintha,Hankinson,hhankinson45@epa.gov,Volvo,S40,2010,$16945.38
151,Susy,Hayen,shayen46@twitter.com,Chevrolet,Metro,2001,$79643.01
152,Sander,Stoll,sstoll47@theglobeandmail.com,BMW,M Roadster,2007,$26403.87
153,Guendolen,Hintzer,ghintzer48@census.gov,Mercury,Villager,2002,$148864.28
154,Tom,Fucher,tfucher49@mediafire.com,Nissan,Quest,1993,$155034.97
155,Nina,Rapp,nrapp4a@chronoengine.com,Mitsubishi,Chariot,1992,$188889.45
156,Coretta,Barras,cbarras4b@homestead.com,Mercedes-Benz,500SEL,1993,$97037.63
157,Teresita,Thorrington,tthorrington4c@hud.gov,Nissan,370Z,2011,$32445.36
158,Catarina,Ormrod,cormrod4d@technorati.com,Volkswagen,Passat,1996,$150061.57
159,Eolanda,Dyer,edyer4e@newsvine.com,Chevrolet,Lumina,2000,$69741.52
160,Gal,Gibbie,ggibbie4f@scientificamerican.com,Mazda,MX-6,1994,$90234.58
161,Carmen,Stilling,cstilling4g@acquirethisname.com,Nissan,Altima,2004,$49442.24
162,Keir,Simcoe,ksimcoe4h@hibu.com,Lexus,GS,1997,$70109.08
163,Hermione,Sauvan,hsauvan4i@meetup.com,Oldsmobile,Silhouette,1995,$29240.18
164,Basil,Baldree,bbaldree4j@netlog.com,Lincoln,Town Car,2010,$58068.64
165,Hillyer,Scouse,hscouse4k@ow.ly,Buick,Park Avenue,1996,$35787.52
166,Aleen,Gregorio,agregorio4l@deliciousdays.com,Audi,R8,2009,$13817.72
167,Dacey,Cree,dcree4m@hp.com,Cadillac,Catera,2001,$143476.38
168,Wright,Innes,winnes4n@scribd.com,Ford,Ranger,1998,$141735.85
169,Zach,Sclanders,zsclanders4o@upenn.edu,Lexus,RX Hybrid,2007,$54289.46
170,Rosabelle,Swires,rswires4p@51.la,Dodge,Magnum,2006,$27817.82
171,Reyna,Hulmes,rhulmes4q@a8.net,Dodge,D150 Club,1993,$10085.05
172,Farlee,Beacon,fbeacon4r@barnesandnoble.com,Infiniti,QX,2003,$38162.50
173,Kristy,Sheach,ksheach4s@columbia.edu,Honda,Accord,1994,$178591.14
174,Domini,Solloway,dsolloway4t@behance.net,Mitsubishi,Pajero,2004,$52389.38
175,Bren,Byk,bbyk4u@reference.com,GMC,1500 Club Coupe,1994,$166611.41
176,Vallie,Dommerque,vdommerque4v@paypal.com,Acura,NSX,1994,$96220.08
177,Elisha,Hayward,ehayward4w@nifty.com,Mercury,Cougar,1994,$139669.76
178,Germain,Tolussi,gtolussi4x@macromedia.com,Acura,CL,1998,$143762.18
179,Patty,Sherred,psherred4y@mail.ru,Porsche,Cayenne,2003,$104994.09
180,Paul,Becket,pbecket4z@yelp.com,Honda,CR-Z,2012,$122998.81
181,Cecile,Housin,chousin50@gnu.org,Lincoln,Continental Mark VII,1989,$138054.35
182,Rosabelle,Overbury,roverbury51@mayoclinic.com,Maserati,228,1990,$178252.86
183,Lazare,Budge,lbudge52@wp.com,Suzuki,Forenza,2008,$55428.49
184,Gusella,Gavigan,ggavigan53@free.fr,Chrysler,Sebring,2007,$45799.44
185,Jefferson,Lindwall,jlindwall54@1688.com,GMC,3500,1997,$162209.09
186,Taddeusz,Pietrusiak,tpietrusiak55@eventbrite.com,Saab,9-5,2005,$125346.44
187,Teirtza,Scrivinor,tscrivinor56@biglobe.ne.jp,GMC,Yukon Denali,2006,$117773.41
188,Clarette,Kitchingman,ckitchingman57@quantcast.com,Acura,SLX,1998,$83073.05
189,Laurie,Imm,limm58@samsung.com,Toyota,MR2,1985,$166713.04
190,Shaina,Scraggs,sscraggs59@vistaprint.com,Ford,Aerostar,1986,$198395.66
191,Brockie,Fantham,bfantham5a@salon.com,Chrysler,Aspen,2008,$159887.89
192,Rutherford,Powley,rpowley5b@about.com,Ford,Th!nk,2001,$194049.91
193,Lorna,Boscher,lboscher5c@istockphoto.com,Nissan,Armada,2007,$146831.15
194,Ora,Hedney,ohedney5d@huffingtonpost.com,Kia,Sorento,2009,$84616.57
195,Bennie,Whitcher,bwhitcher5e@blogs.com,Volkswagen,Jetta,1992,$103197.57
196,Jayme,Savaage,jsavaage5f@cnbc.com,Land Rover,Sterling,1991,$156921.30
197,Knox,Sollam,ksollam5g@bravesites.com,Ford,Mustang,1989,$67426.27
198,Emmott,Dewdeny,edewdeny5h@comsenz.com,Honda,Pilot,2010,$104626.89
199,Curran,Baxandall,cbaxandall5i@opera.com,Volkswagen,Cabriolet,2000,$130080.79
200,Farly,Rodriguez,frodriguez5j@creativecommons.org,Oldsmobile,Cutlass Supreme,1997,$24271.99
201,Dedie,Slatter,dslatter5k@pinterest.com,Volkswagen,GTI,1993,$167666.49
202,Vere,Drakeley,vdrakeley5l@meetup.com,Mitsubishi,RVR,1995,$16328.51
203,Meara,McDugal,mmcdugal5m@ow.ly,Cadillac,Escalade EXT,2007,$140487.62
204,Clio,Grunbaum,cgrunbaum5n@vimeo.com,Suzuki,Daewoo Magnus,2004,$165756.21
205,Georgi,Schule,gschule5o@house.gov,Chevrolet,SSR,2006,$42222.04
206,Shea,Fresson,sfresson5p@ucoz.ru,Dodge,Viper,1997,$101621.29
207,Ric,Burgh,rburgh5q@cdc.gov,Suzuki,SJ,1988,$23511.67
208,Robinia,Durtnell,rdurtnell5r@salon.com,GMC,3500 Club Coupe,1994,$25727.83
209,Ignace,Kohter,ikohter5s@icio.us,Ford,F250,2010,$19155.47
210,Ethel,Posner,eposner5t@dot.gov,Chevrolet,Tahoe,2012,$72249.17
211,Stephani,Chesser,schesser5u@ameblo.jp,Honda,Insight,2012,$20395.84
212,Smith,Fardy,sfardy5v@zimbio.com,Toyota,Land Cruiser,1994,$14414.60
213,Merci,Filipyev,mfilipyev5w@oakley.com,GMC,Savana 1500,2003,$33207.49
214,Radcliffe,Dunaway,rdunaway5x@gnu.org,Toyota,Avalon,1999,$37634.53
215,Kamillah,Wimlet,kwimlet5y@eventbrite.com,Mitsubishi,Precis,1993,$10214.64
216,Dana,McMychem,dmcmychem5z@adobe.com,Dodge,Ram 2500,1995,$199412.61
217,Ethelind,Goodman,egoodman60@google.pl,Dodge,Nitro,2009,$167676.89
218,Dougie,Lott,dlott61@zdnet.com,Infiniti,G35,2008,$181728.31
219,Carolus,Nesey,cnesey62@statcounter.com,GMC,Yukon XL 2500,2012,$170687.04
220,Guenna,Teideman,gteideman63@qq.com,Ford,F150,2001,$58100.51
221,Camille,MacCall,cmaccall64@mapy.cz,Ford,C-MAX Hybrid,2013,$74489.92
222,Diarmid,Leber,dleber65@51.la,Volvo,940,1994,$69188.15
223,Morey,d'Escoffier,mdescoffier66@patch.com,Pontiac,1000,1985,$63370.91
224,Buddy,Duckhouse,bduckhouse67@blinklist.com,Volkswagen,Golf,2011,$24664.58
225,Miguela,Chafer,mchafer68@google.com.au,Kia,Forte,2012,$51172.69
226,Lee,Hearthfield,lhearthfield69@unicef.org,Acura,ZDX,2012,$13222.22
227,Feodor,Idney,fidney6a@cpanel.net,Hyundai,Tiburon,1998,$168722.91
228,Lucretia,Lantuff,llantuff6b@arizona.edu,Chrysler,Imperial,1993,$139440.77
229,Farrel,Binestead,fbinestead6c@last.fm,Honda,Civic,2004,$14874.32
230,Arlee,Cadney,acadney6d@ezinearticles.com,Infiniti,G,2011,$162765.14
231,Cris,Pittel,cpittel6e@topsy.com,Volkswagen,Touareg,2005,$49438.08
232,Modesta,Bruckmann,mbruckmann6f@blogtalkradio.com,Jeep,Grand Cherokee,2005,$162833.05
233,Berkley,Winterbourne,bwinterbourne6g@nature.com,Toyota,Yaris,2010,$45703.11
234,Antonietta,Harte,aharte6h@washingtonpost.com,Chevrolet,Express 2500,2012,$167891.34
235,Katheryn,Evett,kevett6i@cnn.com,Porsche,Cayenne,2009,$90358.20
236,Papagena,Coonan,pcoonan6j@amazon.co.jp,Chevrolet,Suburban 2500,1996,$77147.51
237,Olimpia,Spellacey,ospellacey6k@facebook.com,Toyota,Celica,2002,$37727.04
238,Bethena,Sitlington,bsitlington6l@naver.com,Audi,Quattro,1993,$115888.00
239,Cherish,Linley,clinley6m@nifty.com,Chevrolet,1500,1998,$70815.90
240,Alphard,Di Napoli,adinapoli6n@myspace.com,Mazda,MX-5,2005,$107453.31
241,Reena,Brute,rbrute6o@princeton.edu,Mitsubishi,Diamante,1997,$148006.22
242,Nicky,Mc Andrew,nmcandrew6p@com.com,GMC,Savana 1500,1998,$109123.91
243,Herminia,Titcombe,htitcombe6q@craigslist.org,BMW,5 Series,2004,$94734.48
244,Keelby,Reedyhough,kreedyhough6r@bbc.co.uk,Mitsubishi,Lancer,2006,$80110.50
245,Ruben,Egar,regar6s@goo.gl,Nissan,Sentra,2012,$148813.19
246,Albertine,Whitrod,awhitrod6t@imgur.com,Dodge,Ram,2003,$60313.92
247,Ira,O'Sharkey,iosharkey6u@jigsy.com,Suzuki,Vitara,2004,$137982.62
248,Charlena,Matis,cmatis6v@jugem.jp,Land Rover,Discovery Series II,1999,$129429.04
249,Gris,Widdicombe,gwiddicombe6w@gravatar.com,Chevrolet,Classic,2005,$179963.55
250,Misty,Doldon,mdoldon6x@businessinsider.com,Volkswagen,Cabriolet,1988,$62082.75
251,Chrotoem,Hatfull,chatfull6y@yale.edu,Chevrolet,Lumina,1994,$122380.52
252,Boigie,Temple,btemple6z@jalbum.net,Pontiac,Grand Prix,1999,$78440.17
253,Baxie,Phythean,bphythean70@fotki.com,Scion,xD,2010,$168693.63
254,Rosetta,Smullin,rsmullin71@shareasale.com,Dodge,Avenger,2010,$164600.04
255,Falito,Newcom,fnewcom72@slideshare.net,Isuzu,Hombre,1999,$33206.29
256,Drusilla,Nelthorp,dnelthorp73@nps.gov,Infiniti,FX,2009,$197281.52
257,Billy,Popplewell,bpopplewell74@moonfruit.com,Ford,Fusion,2010,$165444.87
258,Morgana,Teas,mteas75@gmpg.org,Oldsmobile,Bravada,1998,$23587.99
259,Arabel,Yemm,ayemm76@microsoft.com,Oldsmobile,Achieva,1994,$17847.32
260,Avie,Kasher,akasher77@seesaa.net,Infiniti,EX,2012,$93951.04
261,Theda,Ceschini,tceschini78@trellian.com,Toyota,Yaris,2011,$31296.71
262,Electra,Lapthorne,elapthorne79@wikimedia.org,Ford,Mustang,1984,$38269.45
263,Pollyanna,Sandall,psandall7a@nhs.uk,GMC,Sierra 1500,2008,$149295.99
264,Bartlet,Snaith,bsnaith7b@zimbio.com,Ford,Ranger,2008,$68719.20
265,Perri,Grimditch,pgrimditch7c@house.gov,Chrysler,300M,2001,$107596.33
266,Weider,McCrystal,wmccrystal7d@acquirethisname.com,GMC,Savana,2009,$158787.03
267,Myrta,Bozworth,mbozworth7e@china.com.cn,Mazda,Mazda6 5-Door,2006,$27370.75
268,Eddie,Othen,eothen7f@loc.gov,Ford,Mustang,1973,$33135.72
269,Courtenay,Whitley,cwhitley7g@miitbeian.gov.cn,Chrysler,Imperial,1993,$136242.94
270,Pablo,Sainsbury-Brown,psainsburybrown7h@jugem.jp,Mercury,Topaz,1993,$116057.37
271,Britt,MacAnespie,bmacanespie7i@reference.com,Audi,Coupe GT,1985,$124656.21
272,Ramsey,Hayles,rhayles7j@hud.gov,Chevrolet,Caprice,1996,$10078.90
273,Kaitlyn,Keigher,kkeigher7k@multiply.com,Toyota,Highlander,2012,$26983.07
274,Basil,Spira,bspira7l@theguardian.com,Dodge,Durango,2007,$150967.81
275,Freemon,Beahan,fbeahan7m@github.com,Chevrolet,2500,1994,$90426.98
276,Andie,Regorz,aregorz7n@wix.com,Mazda,Mazda6,2011,$193313.36
277,Cloris,Franzini,cfranzini7o@hao123.com,Chrysler,PT Cruiser,2008,$131433.00
278,Lorilee,Olding,lolding7p@homestead.com,Mercedes-Benz,SL-Class,2007,$96893.47
279,Mira,Hearnaman,mhearnaman7q@shareasale.com,GMC,Sonoma,2002,$141635.39
280,Aguistin,Seath,aseath7r@usgs.gov,Nissan,Quest,2006,$181242.78
281,Dulsea,Calvey,dcalvey7s@123-reg.co.uk,Ford,Club Wagon,1993,$92872.69
282,Catriona,Seaborn,cseaborn7t@furl.net,Chevrolet,Cobalt SS,2007,$141959.74
283,Gifford,Endecott,gendecott7u@edublogs.org,Saab,900,1985,$70095.70
284,Juan,Sigfrid,jsigfrid7v@who.int,Dodge,Dakota Club,1998,$173954.94
285,Silvain,Shurrock,sshurrock7w@samsung.com,Audi,TT,2010,$66932.60
286,Dianne,Yorkston,dyorkston7x@wikispaces.com,Lexus,IS,2012,$22748.41
287,Terza,Ubanks,tubanks7y@washingtonpost.com,Aston Martin,Rapide,2011,$82039.44
288,Kiri,Brevetor,kbrevetor7z@cyberchimps.com,Nissan,Sentra,2009,$80113.08
289,Ferrell,Rolfi,frolfi80@pinterest.com,Lexus,IS,2009,$47517.78
290,Annalise,Deniskevich,adeniskevich81@toplist.cz,Acura,RL,2005,$77026.87
291,Marigold,Showt,mshowt82@1688.com,Volvo,960,1992,$113192.30
292,Uriel,Clementi,uclementi83@samsung.com,Chevrolet,Cruze,2011,$123440.94
293,Isacco,Dunthorne,idunthorne84@telegraph.co.uk,Honda,Passport,1997,$95637.56
294,Berk,Murrum,bmurrum85@cbsnews.com,GMC,Sierra 1500,2003,$33897.58
295,Edi,Gigg,egigg86@hubpages.com,Chevrolet,S10,1997,$96295.03
296,Shane,Lamers,slamers87@google.de,Nissan,Pathfinder,1993,$152735.57
297,Garner,Andrusov,gandrusov88@wikispaces.com,Mitsubishi,Diamante,2000,$58151.37
298,Sorcha,Rosberg,srosberg89@cornell.edu,Cadillac,Eldorado,1998,$45656.59
299,Heidie,Carslake,hcarslake8a@slideshare.net,Acura,ZDX,2011,$50571.77
300,Nahum,Smallpiece,nsmallpiece8b@google.com.au,Jeep,Compass,2008,$118046.32
301,Jorrie,Munsey,jmunsey8c@nba.com,Infiniti,G37,2009,$59272.53
302,Perceval,Knapper,pknapper8d@bloomberg.com,Pontiac,Vibe,2005,$47731.02
303,Leonie,Birtwhistle,lbirtwhistle8e@ucoz.ru,Pontiac,Sunfire,1998,$87806.66
304,Joy,Roizin,jroizin8f@purevolume.com,Aston Martin,V8 Vantage,2011,$198176.52
305,Elena,Hirjak,ehirjak8g@hostgator.com,Subaru,SVX,1994,$199619.88
306,Cordelie,Bausmann,cbausmann8h@hhs.gov,Mercury,Monterey,2007,$116863.15
307,Lynett,Arrandale,larrandale8i@ask.com,Mazda,RX-7,1985,$18397.84
308,Alvinia,Romke,aromke8j@addthis.com,Volvo,240,1993,$37510.85
309,Dewain,Swendell,dswendell8k@tmall.com,Ford,Probe,1992,$142303.74
310,Janaye,Erbe,jerbe8l@nydailynews.com,Aston Martin,V8 Vantage S,2012,$57934.45
311,Flin,Culp,fculp8m@goo.gl,Land Rover,LR3,2008,$159350.67
312,Loralie,Portlock,lportlock8n@example.com,Volvo,V70,2000,$106989.38
313,Lita,Gilder,lgilder8o@unc.edu,Chevrolet,Suburban 2500,1999,$17850.92
314,Gard,Christoffels,gchristoffels8p@theguardian.com,Ford,Explorer,2013,$22996.98
315,Niel,Laying,nlaying8q@samsung.com,Lexus,LS,2005,$180540.15
316,Verine,Fellos,vfellos8r@instagram.com,GMC,Jimmy,1997,$174391.32
317,Amalle,Sneath,asneath8s@engadget.com,Toyota,Tacoma,2009,$99933.59
318,Tiff,Rouchy,trouchy8t@twitpic.com,Nissan,Sentra,2009,$148326.27
319,Duke,Keri,dkeri8u@irs.gov,Mazda,626,1999,$153598.27
320,Codee,Pickthorn,cpickthorn8v@slideshare.net,Lexus,SC,1999,$105773.77
321,Idell,Blackie,iblackie8w@stanford.edu,Oldsmobile,Aurora,2003,$148002.01
322,Marcia,Duthy,mduthy8x@ameblo.jp,Porsche,911,2007,$84058.94
323,Amalie,Cota,acota8y@berkeley.edu,Ford,F250,2005,$43895.39
324,Trent,Clackers,tclackers8z@rediff.com,GMC,Yukon XL 2500,2008,$99958.33
325,Ivonne,Cardo,icardo90@stumbleupon.com,Ford,Expedition EL,2010,$45886.61
326,Addi,Goodere,agoodere91@usda.gov,Mitsubishi,Cordia,1984,$163227.90
327,Artus,Dincey,adincey92@mediafire.com,Audi,S4,2012,$10933.60
328,Dot,Ensley,densley93@bbc.co.uk,Chrysler,Cirrus,1998,$113834.06
329,Shalom,O'Corrin,socorrin94@phpbb.com,Cadillac,Catera,1998,$31745.83
330,Yanaton,Beggs,ybeggs95@mlb.com,Acura,MDX,2001,$66760.61
331,Hestia,Matschoss,hmatschoss96@ezinearticles.com,Hyundai,Elantra,2002,$134996.49
332,Padraig,Godlip,pgodlip97@bing.com,Jeep,Cherokee,1995,$90491.81
333,Prudence,Riddock,priddock98@alibaba.com,BMW,Z4,2010,$110270.50
334,Aldis,Gabey,agabey99@gmpg.org,Mitsubishi,Diamante,1994,$10371.54
335,Townsend,Haynesford,thaynesford9a@ow.ly,Nissan,Altima,2011,$10090.27
336,Cody,Gledhall,cgledhall9b@ustream.tv,Volkswagen,CC,2010,$119434.66
337,Tillie,Agutter,tagutter9c@taobao.com,Suzuki,Equator,2009,$184366.86
338,Olia,Vereker,overeker9d@independent.co.uk,Mazda,MX-5,1992,$110078.89
339,Hartwell,Wheatcroft,hwheatcroft9e@w3.org,Chevrolet,Camaro,1969,$149146.05
340,Max,Thompson,mthompson9f@parallels.com,Nissan,Versa,2009,$78729.40
341,Shelley,Loveridge,sloveridge9g@goo.ne.jp,Toyota,RAV4,2000,$86810.42
342,Myrle,Leng,mleng9h@bing.com,GMC,Suburban 1500,1999,$194480.35
343,Job,Mease,jmease9i@gmpg.org,Buick,Enclave,2012,$127234.33
344,Verla,Vesque,vvesque9j@woothemes.com,Honda,Odyssey,2003,$168828.84
345,Obediah,Manion,omanion9k@cocolog-nifty.com,Mitsubishi,Endeavor,2009,$99009.55
346,Philippa,Colebeck,pcolebeck9l@huffingtonpost.com,Plymouth,Laser,1993,$53443.71
347,Andres,Klesse,aklesse9m@bloglovin.com,Mercury,Cougar,1997,$180633.49
348,Taber,Huban,thuban9n@redcross.org,Lincoln,Mark VIII,1995,$88593.67
349,Harmony,Bortolutti,hbortolutti9o@digg.com,Chevrolet,Tahoe,2008,$199945.79
350,Wendeline,Jedrysik,wjedrysik9p@army.mil,Ford,Mustang,1969,$94503.19
351,Hertha,Ritchings,hritchings9q@cbsnews.com,Volvo,C70,2012,$158326.90
352,Zaria,Durant,zdurant9r@guardian.co.uk,Mitsubishi,Raider,2007,$16280.50
353,Nickolas,Sotheby,nsotheby9s@live.com,Ford,F250,2009,$166215.13
354,Lori,Alenikov,lalenikov9t@economist.com,Saab,9-3,2005,$177457.76
355,Dean,Boldock,dboldock9u@mtv.com,Suzuki,Reno,2005,$120210.04
356,Kristoforo,Towns,ktowns9v@typepad.com,Chevrolet,Suburban 2500,2000,$80605.17
357,Yovonnda,Fardell,yfardell9w@booking.com,Ford,Expedition,2005,$150281.84
358,Dodie,Mallabone,dmallabone9x@newsvine.com,GMC,Envoy,2003,$16202.06
359,Anatol,Woodroof,awoodroof9y@desdev.cn,Dodge,Dakota Club,1992,$60124.69
360,Torie,Rontree,trontree9z@nbcnews.com,Plymouth,Neon,1995,$77610.09
361,Mateo,Tackley,mtackleya0@unesco.org,Dodge,Dakota,2006,$34895.02
362,Allie,Dwane,adwanea1@paypal.com,Dodge,Dakota,2005,$105955.15
363,Penelopa,Maitland,pmaitlanda2@hatena.ne.jp,Dodge,Ram 2500,2010,$17474.45
364,Oliver,Behnecke,obehneckea3@wordpress.com,Porsche,Boxster,1998,$109924.08
365,Rosana,Elmore,relmorea4@wufoo.com,Maserati,430,1991,$88318.38
366,Nyssa,Akerman,nakermana5@skype.com,Audi,A8,2003,$199054.86
367,Justina,Brandi,jbrandia6@msn.com,Mitsubishi,L300,1990,$92854.14
368,Ferdinand,Jickells,fjickellsa7@geocities.com,Pontiac,1000,1984,$185003.61
369,Dugald,Moughtin,dmoughtina8@ucsd.edu,Pontiac,Aztek,2005,$194975.01
370,Archer,McLarty,amclartya9@fc2.com,Saturn,Outlook,2008,$54419.08
371,Al,Jouanny,ajouannyaa@admin.ch,Kia,Carens,2007,$26973.10
372,Blair,Bowen,bbowenab@imageshack.us,Chevrolet,Silverado 1500,2011,$165122.94
373,Birgitta,Birdwhistle,bbirdwhistleac@dedecms.com,Porsche,Cayenne,2012,$66604.60
374,Sela,Kidney,skidneyad@prlog.org,GMC,Sierra 2500,2010,$176587.19
375,Berne,Acomb,bacombae@aboutads.info,Citroën,2CV,1948,$42092.66
376,Lianne,Elsip,lelsipaf@dailymotion.com,Suzuki,Samurai,1994,$156801.58
377,Garold,Soulsby,gsoulsbyag@reverbnation.com,Mercury,Mountaineer,2006,$122544.37
378,Sherill,Petrecz,spetreczah@is.gd,Ford,F150,2010,$173630.24
379,Blondy,Varcoe,bvarcoeai@amazon.de,Suzuki,Esteem,2000,$172286.08
380,Ken,Knottley,kknottleyaj@xing.com,Oldsmobile,Silhouette,2001,$40650.04
381,Brock,Gush,bgushak@yale.edu,Mercedes-Benz,M-Class,2003,$164348.53
382,Davida,Hinkens,dhinkensal@1und1.de,Oldsmobile,Intrigue,1998,$176122.23
383,Burl,Patillo,bpatilloam@sciencedirect.com,Ford,EXP,1988,$156775.52
384,Heda,Marlin,hmarlinan@craigslist.org,Oldsmobile,Silhouette,1999,$192457.40
385,Rich,Mostyn,rmostynao@jalbum.net,Isuzu,i-290,2007,$73392.34
386,Joannes,Stubbings,jstubbingsap@auda.org.au,Ford,F250,1994,$11598.83
387,Eldredge,Davenhill,edavenhillaq@prlog.org,Mitsubishi,Montero,2000,$66209.82
388,Manda,Dyball,mdyballar@adobe.com,Buick,Enclave,2012,$108303.90
389,Carmelina,Grewe,cgreweas@hubpages.com,Lincoln,Continental Mark VII,1985,$157261.40
390,Lindsey,Pierro,lpierroat@hao123.com,Infiniti,G,1995,$105573.80
391,Sinclair,Seppey,sseppeyau@dell.com,Suzuki,Daewoo Lacetti,2005,$23996.78
392,Sinclare,Grebert,sgrebertav@psu.edu,Lincoln,MKS,2013,$171771.31
393,Gayelord,Trundle,gtrundleaw@spiegel.de,Mercedes-Benz,CLS-Class,2012,$23450.72
394,Ulrich,MacEntee,umacenteeax@ibm.com,Lincoln,Continental Mark VII,1991,$66447.17
395,Angela,Blakeden,ablakedenay@ebay.com,Acura,SLX,1997,$24893.22
396,Randie,Ledner,rledneraz@fda.gov,Lexus,IS-F,2010,$180415.11
397,Fenelia,Jurzyk,fjurzykb0@tamu.edu,GMC,Sierra 1500,2006,$181249.14
398,Desmund,Delcastel,ddelcastelb1@bravesites.com,Lexus,IS,2006,$152243.09
399,Luise,Meneghelli,lmeneghellib2@china.com.cn,Audi,S4,2004,$104732.28
400,Jarred,Opy,jopyb3@oracle.com,Volkswagen,New Beetle,1998,$37010.63
401,Ivan,Walpole,iwalpoleb4@pbs.org,Land Rover,Defender,1997,$77564.34
402,Dael,Croom,dcroomb5@businessinsider.com,Ford,Mustang,2010,$187919.48
403,Jeniece,Van Halle,jvanhalleb6@bloglovin.com,Ford,F250,1993,$46637.78
404,Ursulina,Taysbil,utaysbilb7@businessweek.com,Infiniti,Q,1993,$170449.53
405,Sal,Aimable,saimableb8@yellowbook.com,Isuzu,Hombre,1998,$104594.39
406,Maude,McMillian,mmcmillianb9@51.la,Chevrolet,2500,2000,$72086.17
407,Jerrilee,Ziems,jziemsba@altervista.org,Buick,Century,1998,$47686.24
408,Drucill,Shales,dshalesbb@cam.ac.uk,Suzuki,SX4,2007,$188693.16
409,Fiorenze,Spiteri,fspiteribc@wsj.com,Jaguar,XJ Series,2000,$72446.19
410,Candis,Whyard,cwhyardbd@tumblr.com,Kia,Sephia,1997,$117159.96
411,Shellysheldon,Heaton,sheatonbe@businesswire.com,Ford,Expedition,2011,$139471.77
412,Bruno,Dennitts,bdennittsbf@un.org,Nissan,Quest,2000,$95443.02
413,Glori,Musker,gmuskerbg@ameblo.jp,Mercury,Mountaineer,2008,$196453.97
414,Julie,Goodrich,jgoodrichbh@canalblog.com,Ford,Aerostar,1995,$87658.26
415,Luciana,Lycett,llycettbi@bigcartel.com,Acura,ZDX,2010,$33986.39
416,Crin,Aksell,caksellbj@alexa.com,Isuzu,Rodeo,1992,$36226.17
417,Yolanthe,Cammocke,ycammockebk@chronoengine.com,Chevrolet,Express 2500,2004,$122837.91
418,Blithe,Suart,bsuartbl@google.co.jp,Hyundai,Tiburon,2003,$169886.76
419,Caralie,Frie,cfriebm@storify.com,Mazda,Mazdaspeed 3,2009,$12451.38
420,Steward,Tenman,stenmanbn@omniture.com,Mazda,B-Series,1999,$82961.46
421,Brendan,Adnam,badnambo@blogspot.com,GMC,EV1,1999,$164581.39
422,Fay,Clausen,fclausenbp@goo.ne.jp,Buick,Regal,2001,$19149.71
423,Amabel,O'Cuddie,aocuddiebq@jiathis.com,Subaru,Outback,2008,$79869.62
424,Justinian,Stolze,jstolzebr@is.gd,Volvo,S80,2012,$190757.29
425,Hermie,Cayle,hcaylebs@spiegel.de,Jeep,Cherokee,1995,$185781.46
426,Fidelia,O'Neill,foneillbt@bbc.co.uk,Kia,Sorento,2007,$162528.24
427,Luigi,Milstead,lmilsteadbu@adobe.com,GMC,Savana 3500,2006,$112961.38
428,Veronica,Tissiman,vtissimanbv@bloglines.com,GMC,1500 Club Coupe,1994,$177524.44
429,Alan,Sherman,ashermanbw@fda.gov,Acura,RL,2009,$143622.87
430,Reba,Clowney,rclowneybx@oakley.com,Lincoln,Town Car,2003,$85490.66
431,Becca,Sinyard,bsinyardby@deliciousdays.com,Mitsubishi,Raider,2007,$184146.04
432,Winnifred,Le febre,wlefebrebz@github.io,Audi,Cabriolet,1994,$29991.17
433,Papageno,Brady,pbradyc0@epa.gov,Audi,5000CS Quattro,1986,$25127.05
434,Storm,Hedworth,shedworthc1@mediafire.com,Honda,CR-X,1988,$35347.43
435,Tabbi,Soffe,tsoffec2@reverbnation.com,Ford,Probe,1996,$15610.60
436,Carr,Rouby,croubyc3@dailymail.co.uk,Ford,Probe,1995,$122153.57
437,Trix,Greason,tgreasonc4@ebay.co.uk,Lexus,LX,1999,$101002.06
438,Cally,Griggs,cgriggsc5@hugedomains.com,BMW,7 Series,1992,$195273.55
439,Law,Dwerryhouse,ldwerryhousec6@webeden.co.uk,Chevrolet,Camaro,1970,$35723.52
440,Cathrin,Barosch,cbaroschc7@sciencedirect.com,Suzuki,Swift,2006,$58489.15
441,Leonard,Gurdon,lgurdonc8@adobe.com,Saab,9000,1987,$55197.83
442,Hobie,Hubberstey,hhubbersteyc9@freewebs.com,Lincoln,Blackwood,2003,$192063.46
443,Symon,Burdell,sburdellca@fc2.com,Buick,LaCrosse,2007,$183244.62
444,Bryana,Syred,bsyredcb@patch.com,Aston Martin,DBS,2009,$11002.54
445,Trula,Laneham,tlanehamcc@unc.edu,Lexus,IS,2012,$42568.34
446,Van,Lancetter,vlancettercd@dagondesign.com,Dodge,Ram Van 1500,2000,$137074.36
447,Galen,Silmon,gsilmonce@craigslist.org,Chevrolet,TrailBlazer,2004,$61347.30
448,Kinna,Garnar,kgarnarcf@amazon.co.jp,Saab,900,1992,$101207.27
449,Janeen,Welsh,jwelshcg@addtoany.com,Bentley,Continental GT,2009,$62072.45
450,Fonsie,Ubsdale,fubsdalech@vk.com,Ford,LTD Crown Victoria,1990,$103461.69
451,Wadsworth,Bazire,wbazireci@oakley.com,Mazda,RX-8,2009,$25540.71
452,Minny,Huntar,mhuntarcj@mapy.cz,Mercury,Montego,2005,$157037.22
453,Ravi,Impy,rimpyck@msn.com,Ford,Mustang,1972,$166825.38
454,Brandea,Christene,bchristenecl@addtoany.com,Dodge,Caravan,2005,$102448.19
455,Nefen,Hamsson,nhamssoncm@cnn.com,Lexus,IS,2010,$174596.94
456,Selinda,Silcox,ssilcoxcn@washington.edu,Chevrolet,3500,1993,$31040.28
457,Joleen,Mathiasen,jmathiasenco@google.fr,Ford,F150,2009,$110896.93
458,Tedra,Clerke,tclerkecp@time.com,Chevrolet,Express 2500,2009,$112007.05
459,Idell,Probin,iprobincq@fc2.com,GMC,Sierra 2500,1999,$183268.68
460,Dilan,Agass,dagasscr@who.int,Mercedes-Benz,GLK-Class,2012,$170884.91
461,Georgi,Agastina,gagastinacs@mapy.cz,Oldsmobile,Aurora,2001,$118477.95
462,Babs,Snazle,bsnazlect@epa.gov,Mazda,B-Series Plus,2003,$185513.24
463,Roch,Loding,rlodingcu@yolasite.com,Mazda,626,1991,$18504.76
464,Juan,Brunini,jbruninicv@dailymail.co.uk,Mazda,Tribute,2001,$97361.73
465,Connie,Saltrese,csaltresecw@so-net.ne.jp,Audi,S8,2001,$124722.23
466,Dukey,Lokier,dlokiercx@wufoo.com,Jeep,Wrangler,2008,$134482.44
467,Kahaleel,Hampe,khampecy@illinois.edu,Oldsmobile,Bravada,1998,$160020.49
468,Ashby,Mairs,amairscz@mapy.cz,Volkswagen,Golf,1985,$111765.60
469,Chere,Mateescu,cmateescud0@apple.com,Dodge,Durango,2005,$26400.06
470,Vasilis,Anshell,vanshelld1@elpais.com,Lexus,LS,2002,$73038.55
471,Silvano,Offen,soffend2@fema.gov,Chevrolet,Corvette,2012,$72865.58
472,Mercy,Oakshott,moakshottd3@jiathis.com,Audi,90,1989,$132972.96
473,Emmerich,Nye,enyed4@berkeley.edu,Lotus,Exige,2004,$55826.79
474,Blair,Antony,bantonyd5@issuu.com,Dodge,Ram Van 1500,1996,$76610.55
475,Catriona,Kimble,ckimbled6@dagondesign.com,Volkswagen,Golf,2005,$124483.72
476,Myca,Dummer,mdummerd7@is.gd,Volvo,XC90,2013,$131849.95
477,Noah,Philpots,nphilpotsd8@apple.com,Oldsmobile,Achieva,1993,$142698.71
478,Rodie,Shorton,rshortond9@cargocollective.com,BMW,X6 M,2013,$48801.95
479,Chris,Bansal,cbansalda@slate.com,Dodge,D250,1993,$183875.47
480,Alina,Sprasen,asprasendb@livejournal.com,Austin,Mini Cooper,1961,$101769.93
481,Padraic,Mardlin,pmardlindc@alibaba.com,Pontiac,Grand Prix,1971,$70527.31
482,Goddart,Mayman,gmaymandd@redcross.org,Toyota,Celica,2004,$158970.61
483,Aldrich,Silverman,asilvermande@omniture.com,Cadillac,STS,2007,$182829.55
484,Jolee,Raggles,jragglesdf@google.ca,Porsche,Cayenne,2004,$131296.85
485,Buiron,Cator,bcatordg@mozilla.org,BMW,3 Series,2009,$60800.56
486,Melli,Pietruszka,mpietruszkadh@census.gov,Dodge,Caravan,1992,$169688.90
487,Idell,Brawson,ibrawsondi@bandcamp.com,Lamborghini,Murciélago,2008,$60204.06
488,Bren,MacCumiskey,bmaccumiskeydj@php.net,Volkswagen,Jetta,1989,$81584.56
489,Micky,Dwine,mdwinedk@chicagotribune.com,Isuzu,Amigo,1993,$194232.59
490,Stormi,Vogelein,svogeleindl@diigo.com,Spyker,C8 Laviolette,2004,$170971.74
491,Isak,Swyne,iswynedm@ning.com,Cadillac,DeVille,1995,$160846.67
492,Bogey,Parry,bparrydn@over-blog.com,Audi,5000S,1988,$124278.04
493,Ilyse,Corwood,icorwooddo@miibeian.gov.cn,Kia,Amanti,2009,$142389.24
494,Cass,Nigh,cnighdp@gravatar.com,Nissan,Maxima,2012,$83225.68
495,Kendell,Fosse,kfossedq@youku.com,Ford,E250,2004,$34556.75
496,Marrissa,Tromans,mtromansdr@europa.eu,Eagle,Talon,1994,$41643.64
497,Shawn,Gallego,sgallegods@soundcloud.com,Ford,Explorer,2009,$191366.00
498,Irwinn,Coo,icoodt@ezinearticles.com,Lamborghini,Countach,1986,$95118.15
499,Lynelle,Gibbeson,lgibbesondu@springer.com,Chevrolet,Camaro,1969,$113129.28
500,Skippy,Entwhistle,sentwhistledv@pbs.org,Suzuki,Esteem,1999,$45856.83
501,Camila,Whyberd,cwhyberddw@gmpg.org,Toyota,Tacoma,2008,$107568.42
502,Roderich,Nappin,rnappindx@myspace.com,Dodge,Grand Caravan,2003,$89111.98
503,Juan,Briant,jbriantdy@irs.gov,Ram,2500,2011,$195100.20
504,Mahala,Marien,mmariendz@domainmarket.com,Ford,LTD,1985,$55741.16
505,Jennifer,Jacobs,jjacobse0@cafepress.com,Mercedes-Benz,S-Class,1996,$78359.54
506,Valentino,Pasek,vpaseke1@surveymonkey.com,Ford,F-Series,1993,$36354.85
507,Ingaborg,Moralis,imoralise2@gravatar.com,Toyota,Highlander,2010,$84987.88
508,Dante,Dobney,ddobneye3@exblog.jp,Isuzu,Trooper,1992,$86704.07
509,Abrahan,Haselgrove,ahaselgrovee4@cyberchimps.com,Chevrolet,Astro,1994,$59160.95
510,Lief,Everiss,leverisse5@nature.com,Toyota,MR2,1985,$161969.45
511,Brooks,Croysdale,bcroysdalee6@ca.gov,Lincoln,Continental,1988,$59995.78
512,Thorn,Harbottle,tharbottlee7@desdev.cn,Jeep,Compass,2009,$120922.51
513,Brandice,Curror,bcurrore8@mail.ru,Pontiac,6000,1991,$43511.25
514,Sollie,Thireau,sthireaue9@cpanel.net,Ford,F150,1996,$16147.18
515,Jacques,Halston,jhalstonea@barnesandnoble.com,GMC,Sierra 3500,2012,$168963.72
516,Ulick,Wildt,uwildteb@fastcompany.com,Suzuki,Sidekick,1997,$11367.60
517,Ethelred,Alldread,ealldreadec@omniture.com,Nissan,Maxima,2009,$22136.37
518,Luz,Bellam,lbellamed@fda.gov,Honda,Passport,2002,$191131.01
519,Mehetabel,Klimas,mklimasee@pagesperso-orange.fr,Ford,Crown Victoria,2001,$98342.26
520,Juliane,Brookes,jbrookesef@homestead.com,Porsche,911,1987,$118587.78
521,Bili,Davie,bdavieeg@foxnews.com,Saturn,Ion,2006,$13210.11
522,Laurence,Mayoh,lmayoheh@bbc.co.uk,Nissan,Quest,2004,$92468.35
523,Dannie,Hasslocher,dhasslocherei@cyberchimps.com,Volvo,S60,2006,$68737.78
524,Zelda,Boone,zbooneej@foxnews.com,Honda,del Sol,1993,$192519.09
525,West,Di Antonio,wdiantonioek@rediff.com,Chrysler,Cirrus,1995,$133383.70
526,Sammie,MacIlurick,smacilurickel@npr.org,Hyundai,Accent,2001,$108248.09
527,Kaia,Hurche,khurcheem@ebay.co.uk,Chevrolet,TrailBlazer,2003,$196507.51
528,Harriott,Standbridge,hstandbridgeen@mail.ru,Chevrolet,Silverado 1500,2010,$46513.71
529,Evan,Dunkerly,edunkerlyeo@pcworld.com,Cadillac,Escalade ESV,2008,$111634.84
530,Bertram,Jacquemot,bjacquemotep@phoca.cz,Ford,Expedition,2000,$28439.57
531,Hercule,Harradence,hharradenceeq@freewebs.com,Volkswagen,Fox,1989,$63367.07
532,Gnni,Heeps,gheepser@amazon.co.uk,Chevrolet,Astro,2000,$76442.71
533,Dasi,Ashpole,dashpolees@webnode.com,Volkswagen,Touareg,2005,$95166.60
534,Bill,Braidon,bbraidonet@fda.gov,Nissan,Sentra,2012,$27403.03
535,Rodolphe,Elcombe,relcombeeu@mysql.com,Volvo,XC90,2003,$51443.14
536,Lemuel,Doxey,ldoxeyev@acquirethisname.com,Acura,TSX,2004,$138499.18
537,Pat,Blabey,pblabeyew@smh.com.au,Pontiac,Gemini,1987,$91123.11
538,Eyde,Keming,ekemingex@wufoo.com,Ford,Econoline E350,1996,$76905.54
539,Alexandr,Follin,afolliney@facebook.com,Volvo,S60,2010,$66347.06
540,Darrick,Corney,dcorneyez@godaddy.com,Lexus,SC,2007,$49300.40
541,Shelton,Haszard,shaszardf0@engadget.com,Dodge,Grand Caravan,1998,$54560.06
542,Babb,Damrell,bdamrellf1@baidu.com,Ford,Club Wagon,1998,$127995.22
543,Mariana,Lazell,mlazellf2@google.pl,Audi,RS4,2007,$87357.87
544,Brittaney,Wolland,bwollandf3@ifeng.com,Volvo,XC90,2008,$105883.26
545,Gerrard,Paxforde,gpaxfordef4@sakura.ne.jp,Ford,Mustang,2006,$10514.22
546,Harmon,Walkey,hwalkeyf5@cdbaby.com,Kia,Sedona,2006,$63280.86
547,Norry,Tourner,ntournerf6@nydailynews.com,Chrysler,LHS,1997,$48896.40
548,Alasteir,Derx,aderxf7@scribd.com,Infiniti,G,1992,$195683.27
549,Dix,Keyse,dkeysef8@homestead.com,Mercedes-Benz,CLS-Class,2006,$114259.77
550,Lurline,Pasterfield,lpasterfieldf9@hexun.com,Hyundai,Azera,2008,$96294.20
551,Georgia,Doctor,gdoctorfa@ebay.com,Cadillac,DTS,2006,$170708.94
552,Laure,Perle,lperlefb@com.com,Plymouth,Grand Voyager,1993,$117232.25
553,Chelsie,Ovitz,covitzfc@europa.eu,Dodge,Dakota,2010,$72382.47
554,Weider,D'Aubney,wdaubneyfd@spotify.com,Mercury,Grand Marquis,1991,$177310.50
555,Ashlan,Beekmann,abeekmannfe@geocities.com,Mitsubishi,Lancer,2011,$158251.86
556,Keven,Jandel,kjandelff@delicious.com,Toyota,Camry,2008,$119137.01
557,Gillie,Evanson,gevansonfg@deviantart.com,Porsche,911,2007,$77553.69
558,Brier,Vigne,bvignefh@loc.gov,Hyundai,Tiburon,2007,$190865.48
559,Marty,Meads,mmeadsfi@ihg.com,Oldsmobile,88,1992,$13716.08
560,Scot,Kleinsmuntz,skleinsmuntzfj@pinterest.com,Volkswagen,Passat,1987,$49062.07
561,Thurston,Hundall,thundallfk@shinystat.com,Jaguar,XK Series,2004,$37912.59
562,Michelina,Ordish,mordishfl@theglobeandmail.com,Plymouth,Colt,1993,$135745.52
563,Estel,Connaughton,econnaughtonfm@wsj.com,Scion,FR-S,2013,$41222.94
564,Yolanda,Haselgrove,yhaselgrovefn@hp.com,GMC,Savana 1500,2001,$35464.80
565,Jarred,Dreini,jdreinifo@timesonline.co.uk,Honda,Fit,2007,$97451.80
566,Deidre,Gogin,dgoginfp@shareasale.com,Ford,Taurus,1993,$129052.87
567,Tansy,Mancer,tmancerfq@barnesandnoble.com,BMW,3 Series,2003,$88555.43
568,Ester,Hastler,ehastlerfr@blogspot.com,Pontiac,Safari,1988,$187267.44
569,Mallissa,Mattersley,mmattersleyfs@constantcontact.com,Honda,Accord,1995,$145066.45
570,Frank,Munnings,fmunningsft@odnoklassniki.ru,Toyota,Camry,1993,$77125.63
571,Kerby,Axleby,kaxlebyfu@theglobeandmail.com,Dodge,Viper RT/10,1994,$82151.30
572,Charisse,Dickie,cdickiefv@guardian.co.uk,Honda,S2000,2007,$161949.21
573,Ruthy,Sawrey,rsawreyfw@smh.com.au,Land Rover,Range Rover,1989,$88760.27
574,Haze,Mitchley,hmitchleyfx@squidoo.com,Honda,Civic Si,2006,$115359.38
575,Reynolds,Stanhope,rstanhopefy@histats.com,Mazda,RX-7,1988,$148531.72
576,Fabe,Croy,fcroyfz@nymag.com,Pontiac,Montana,2001,$95757.21
577,Cullin,Brazur,cbrazurg0@behance.net,Plymouth,Breeze,1999,$96337.22
578,Lexy,Giovannilli,lgiovannillig1@house.gov,Nissan,Titan,2009,$183805.11
579,Hewitt,Annets,hannetsg2@berkeley.edu,Jaguar,X-Type,2006,$139707.28
580,Rubia,Millar,rmillarg3@umich.edu,Honda,Accord,1985,$129129.59
581,Pierre,Oels,poelsg4@admin.ch,Dodge,Grand Caravan,1994,$52096.97
582,Lillis,Goodinge,lgoodingeg5@admin.ch,Chevrolet,Corvette,1985,$156904.02
583,Josi,Sapena,jsapenag6@ox.ac.uk,GMC,2500,1994,$73762.95
584,Rupert,Flagg,rflaggg7@pen.io,Ford,Five Hundred,2006,$122443.22
585,Conant,Agiolfinger,cagiolfingerg8@toplist.cz,Mazda,RX-7,1989,$33838.06
586,Beau,Broadist,bbroadistg9@artisteer.com,Dodge,Stratus,1997,$82676.84
587,Sonja,Scrine,sscrinega@slate.com,Chevrolet,3500,1998,$175964.01
588,Rozalie,Palfery,rpalferygb@google.ru,Honda,Insight,2006,$28960.81
589,Vitoria,Allchorn,vallchorngc@163.com,Mazda,Protege,1992,$141407.87
590,Ariela,Loche,alochegd@wufoo.com,Lexus,ES,2009,$44921.22
591,Pippa,Dearnaly,pdearnalyge@cyberchimps.com,Aston Martin,DB9,2005,$149997.44
592,Mollee,Hardiman,mhardimangf@spotify.com,GMC,Savana 3500,2009,$91771.41
593,Merl,Dairton,mdairtongg@google.nl,Mazda,Protege,1992,$168367.29
594,Clareta,Illiston,cillistongh@squarespace.com,Buick,Skylark,1995,$95144.43
595,Kelci,Hempel,khempelgi@zimbio.com,Mitsubishi,Eclipse,2006,$60052.68
596,Blakeley,Hathaway,bhathawaygj@printfriendly.com,Mitsubishi,Chariot,1988,$142483.83
597,Deva,Frankcombe,dfrankcombegk@google.pl,Ford,Explorer,2010,$19823.09
598,Peter,Creeboe,pcreeboegl@cbc.ca,Kia,Optima,2012,$46872.11
599,Virginie,Conigsby,vconigsbygm@hugedomains.com,Kia,Sorento,2003,$10605.67
600,Fran,Menat,fmenatgn@dailymotion.com,Isuzu,Impulse,1992,$113432.28
601,Owen,Ruppel,oruppelgo@tripadvisor.com,Lincoln,MKZ,2007,$31618.39
602,Pammy,Reiglar,preiglargp@usda.gov,GMC,Canyon,2004,$153813.96
603,Justinian,Heavyside,jheavysidegq@mysql.com,Cadillac,Escalade,2006,$193396.07
604,Zebedee,Povele,zpovelegr@yale.edu,Ford,Thunderbird,2006,$177474.96
605,Thorpe,Bossom,tbossomgs@umich.edu,Chevrolet,S10,2001,$106597.78
606,Irene,Keese,ikeesegt@ustream.tv,Cadillac,Seville,2003,$35870.85
607,Braden,Legrave,blegravegu@yandex.ru,Lexus,CT,2011,$146883.64
608,Sid,Overlow,soverlowgv@shareasale.com,Smart,Fortwo,2012,$109042.08
609,Kelcey,Tottem,ktottemgw@trellian.com,Chrysler,Town & Country,2011,$156059.12
610,Vinson,Pithcock,vpithcockgx@dmoz.org,Chrysler,300M,2001,$163674.02
611,Fleurette,Macvey,fmacveygy@about.com,Toyota,MR2,1994,$161829.65
612,Natty,Mellers,nmellersgz@w3.org,Honda,Accord,2003,$34415.53
613,Terese,Beacom,tbeacomh0@blogger.com,Infiniti,J,1995,$166590.35
614,Elka,Allenby,eallenbyh1@slashdot.org,Volkswagen,New Beetle,2000,$125050.73
615,Ivy,Pendered,ipenderedh2@homestead.com,Ford,F150,1984,$184288.63
616,Liz,Phillipp,lphillipph3@walmart.com,Ford,E350,2008,$148259.71
617,Merrili,Cowling,mcowlingh4@blogger.com,GMC,Yukon XL 1500,2003,$96517.91
618,Koressa,Baress,kbaressh5@theatlantic.com,Ford,Explorer Sport Trac,2006,$116096.64
619,Alicea,Snuggs,asnuggsh6@storify.com,Mitsubishi,Outlander,2004,$168845.92
620,Goran,Dimnage,gdimnageh7@cdc.gov,Volvo,S80,2005,$94926.42
621,Marty,Crosham,mcroshamh8@google.ca,Pontiac,Grand Prix,1968,$96037.81
622,Ailene,Lambertazzi,alambertazzih9@ted.com,Suzuki,XL-7,2005,$192784.82
623,Junie,McGettigan,jmcgettiganha@privacy.gov.au,Volvo,S80,2012,$18671.71
624,Kellie,Duley,kduleyhb@wiley.com,Honda,Accord,1999,$167836.66
625,Cody,Bleazard,cbleazardhc@usa.gov,Mercedes-Benz,SL-Class,1988,$85803.33
626,Gerhardine,Tomkin,gtomkinhd@mapquest.com,Suzuki,Kizashi,2012,$10662.01
627,Kiel,Kerner,kkernerhe@cloudflare.com,Saturn,VUE,2002,$61515.05
628,Camille,Westnedge,cwestnedgehf@51.la,Isuzu,Stylus,1992,$84248.18
629,Jobey,Wild,jwildhg@flavors.me,Mitsubishi,Cordia,1984,$22287.09
630,Alyss,Vass,avasshh@hatena.ne.jp,Kia,Mentor,1997,$46839.17
631,Chloette,Babe,cbabehi@omniture.com,Mitsubishi,Diamante,1992,$183535.03
632,Lynda,Gwyn,lgwynhj@drupal.org,Ford,Fusion,2006,$102722.12
633,Libby,Peracco,lperaccohk@constantcontact.com,Kia,Sephia,1994,$23051.34
634,Fawn,Freer,ffreerhl@spiegel.de,Pontiac,Gemini,1989,$62317.65
635,Vernen,Parkyns,vparkynshm@flickr.com,Mazda,Familia,1988,$99229.05
636,Ev,Addlestone,eaddlestonehn@cargocollective.com,Ferrari,599 GTB Fiorano,2010,$141284.17
637,Wilow,Cowburn,wcowburnho@hhs.gov,Porsche,928,1986,$155568.86
638,Ferguson,Blaxland,fblaxlandhp@princeton.edu,Volkswagen,Passat,1996,$152325.12
639,Nicolle,Queyeiro,nqueyeirohq@tumblr.com,Lamborghini,Gallardo,2008,$114456.59
640,Joyous,McTear,jmctearhr@vinaora.com,Mercedes-Benz,S-Class,1987,$95163.56
641,Roldan,Dowdney,rdowdneyhs@epa.gov,Honda,Passport,2002,$169007.90
642,Forbes,Edelston,fedelstonht@infoseek.co.jp,Land Rover,Freelander,2004,$91827.31
643,Alayne,Alphonso,aalphonsohu@de.vu,Ford,Fairlane,1965,$73716.70
644,Giustina,Warcop,gwarcophv@sciencedirect.com,Scion,xD,2008,$14037.96
645,Harlan,Gosnell,hgosnellhw@bizjournals.com,Mercedes-Benz,C-Class,1998,$167139.83
646,Emelyne,Dows,edowshx@naver.com,Dodge,Magnum,2006,$61140.60
647,Moore,Lathan,mlathanhy@shareasale.com,Buick,Reatta,1990,$78208.91
648,Kimbra,Sterte,kstertehz@stumbleupon.com,GMC,Yukon,2012,$96103.46
649,Ennis,Croson,ecrosoni0@census.gov,Chevrolet,Camaro,1999,$142160.22
650,Sue,Gino,sginoi1@pen.io,GMC,2500,1994,$136309.57
651,Guillaume,Wyer,gwyeri2@arstechnica.com,Subaru,Impreza,2005,$146659.65
652,Stormie,Petrollo,spetrolloi3@tinypic.com,Ford,F-Series Super Duty,2007,$49119.78
653,Cherish,Thompsett,cthompsetti4@si.edu,Lexus,SC,2004,$16226.65
654,Christophe,MacRannell,cmacrannelli5@examiner.com,Chevrolet,Camaro,2012,$88030.42
655,Gratiana,Longhorne,glonghornei6@youtu.be,Mitsubishi,Montero,2001,$115501.24
656,Steffane,Olenchikov,solenchikovi7@mapy.cz,Saab,9-3,2004,$145388.64
657,Davita,Wytchard,dwytchardi8@phoca.cz,Jeep,Wrangler,2005,$72774.09
658,Glendon,Grubbe,ggrubbei9@rakuten.co.jp,BMW,X5,2006,$52070.94
659,Morty,Bladen,mbladenia@delicious.com,Nissan,NV3500,2012,$78612.44
660,Shani,Glendenning,sglendenningib@networkadvertising.org,GMC,Yukon XL 2500,2000,$66180.59
661,Karilynn,Beniesh,kbenieshic@cargocollective.com,Chevrolet,TrailBlazer,2005,$20988.34
662,Mufi,Grabham,mgrabhamid@ucoz.ru,Mazda,B-Series,1995,$198969.80
663,Raleigh,Kilshall,rkilshallie@salon.com,Chevrolet,TrailBlazer,2003,$162529.60
664,Dedie,Hawgood,dhawgoodif@amazon.co.jp,Chevrolet,Caprice Classic,1996,$172524.07
665,Ludovico,Hedon,lhedonig@jugem.jp,Chevrolet,Aveo,2011,$105397.83
666,Branden,O'Garmen,bogarmenih@gov.uk,Infiniti,QX,2008,$156668.46
667,Saraann,Prene,spreneii@admin.ch,Cadillac,Escalade,2011,$86863.22
668,Juline,Curle,jcurleij@apache.org,BMW,X6,2013,$192743.69
669,Shayne,MacCarrane,smaccarraneik@forbes.com,Hyundai,Scoupe,1992,$68003.03
670,Georgianne,Jekyll,gjekyllil@shop-pro.jp,Volkswagen,Passat,1993,$179872.46
671,Joyan,Shambrooke,jshambrookeim@abc.net.au,Acura,Legend,1988,$199619.33
672,Lenard,Cunde,lcundein@ft.com,Mitsubishi,Galant,1988,$179516.95
673,Whitney,Campes,wcampesio@dagondesign.com,Dodge,Avenger,2008,$153108.85
674,Koressa,Cordingley,kcordingleyip@netlog.com,Volvo,S40,2008,$71771.41
675,Nalani,Tracy,ntracyiq@wikia.com,Saab,900,1996,$104767.06
676,Mame,Roostan,mroostanir@auda.org.au,Saturn,VUE,2002,$70758.12
677,Aridatha,Sharpless,asharplessis@cnbc.com,Volkswagen,Golf,1997,$24458.27
678,Arabelle,Line,alineit@nymag.com,Mazda,MX-3,1995,$36694.87
679,Wainwright,Grishin,wgrishiniu@bigcartel.com,Chevrolet,Impala,2012,$35299.22
680,Garik,Georgel,ggeorgeliv@google.fr,Chevrolet,Malibu Maxx,2006,$170537.37
681,Leonelle,Sushams,lsushamsiw@phpbb.com,Honda,Odyssey,2011,$41027.93
682,Flor,Melby,fmelbyix@unesco.org,Maybach,62,2003,$177085.59
683,Ferdie,McLay,fmclayiy@ucla.edu,Lotus,Esprit,2002,$81153.09
684,Nita,Marchant,nmarchantiz@parallels.com,Pontiac,Sunfire,1995,$157284.53
685,Joya,Reeday,jreedayj0@joomla.org,GMC,Envoy XL,2006,$109310.04
686,Reyna,Giovanardi,rgiovanardij1@google.com,Volvo,960,1993,$24160.91
687,Gerianna,Stookes,gstookesj2@sciencedaily.com,Oldsmobile,98,1996,$121495.70
688,Nada,O'Carney,nocarneyj3@google.ca,Cadillac,DeVille,1995,$84375.79
689,Zuzana,Mateev,zmateevj4@hud.gov,Pontiac,Sunfire,2005,$87593.65
690,Farleigh,Oxbie,foxbiej5@ft.com,Hyundai,Sonata,2001,$126973.83
691,Sharona,Lorenzin,slorenzinj6@1688.com,Lincoln,MKX,2012,$118801.30
692,Maje,McClaren,mmcclarenj7@yale.edu,Chevrolet,TrailBlazer,2008,$44855.96
693,Alma,Gillogley,agillogleyj8@google.com.hk,Mazda,Protege,1995,$92342.91
694,Annetta,Arnal,aarnalj9@bloomberg.com,Scion,xA,2005,$26934.26
695,Kathryn,Wenban,kwenbanja@weebly.com,Mercedes-Benz,E-Class,1991,$154473.18
696,Jeffy,Itzkowicz,jitzkowiczjb@google.com,Isuzu,VehiCROSS,2001,$72324.26
697,Berti,Rushmere,brushmerejc@japanpost.jp,Isuzu,i-350,2006,$98971.57
698,Mirelle,Shuter,mshuterjd@google.com,Toyota,Sienna,1999,$143402.75
699,Max,Ixer,mixerje@issuu.com,GMC,Sierra 2500,2007,$116566.10
700,Eolande,Costa,ecostajf@ning.com,Chevrolet,Aveo,2007,$127311.75
701,Sherie,Babin,sbabinjg@bravesites.com,Buick,LeSabre,1991,$78478.72
702,Estella,Cordsen,ecordsenjh@mlb.com,Ford,Taurus,1993,$37776.09
703,Casey,Rampton,cramptonji@webs.com,Acura,NSX,2005,$134838.30
704,Oralla,Badini,obadinijj@cafepress.com,Acura,TL,2000,$21878.69
705,Barrie,Felderer,bfeldererjk@ning.com,Porsche,911,2003,$138378.83
706,Carla,Koschek,ckoschekjl@homestead.com,Jeep,Compass,2007,$42251.61
707,Hubert,Guyon,hguyonjm@baidu.com,Lotus,Evora,2010,$34306.45
708,Tuckie,Fittis,tfittisjn@auda.org.au,Suzuki,XL7,2006,$32067.73
709,Irma,Ainley,iainleyjo@tinypic.com,BMW,X5,2002,$147265.34
710,Vickie,Preshous,vpreshousjp@mail.ru,GMC,Yukon XL 1500,2000,$175218.59
711,Hermon,Lafuente,hlafuentejq@taobao.com,Buick,LeSabre,2002,$20022.36
712,Beulah,Warre,bwarrejr@ameblo.jp,Mercedes-Benz,CLK-Class,2000,$178595.29
713,Meier,Liptrod,mliptrodjs@livejournal.com,Audi,A4,2008,$96634.81
714,Maddi,Notti,mnottijt@123-reg.co.uk,Mazda,B-Series,2009,$72820.07
715,Betta,Oade,boadeju@so-net.ne.jp,Mazda,B-Series Plus,2001,$25581.64
716,Luis,Shall,lshalljv@msn.com,Ford,Explorer,2012,$197911.13
717,Emmaline,Cockhill,ecockhilljw@stanford.edu,Ford,Explorer,2006,$143410.18
718,Haily,Freear,hfreearjx@shinystat.com,Chevrolet,Silverado 1500,2007,$97965.20
719,Kristan,O'Hegertie,kohegertiejy@moonfruit.com,GMC,Yukon,2006,$106612.90
720,Yuri,Dondon,ydondonjz@berkeley.edu,Audi,R8,2009,$112880.87
721,Mimi,Pierucci,mpieruccik0@ebay.co.uk,Infiniti,G,2004,$118765.21
722,Easter,Langcastle,elangcastlek1@ycombinator.com,Audi,Q7,2008,$38539.11
723,Nolie,Widocks,nwidocksk2@ft.com,Pontiac,Safari,1987,$198263.85
724,Rockie,Grayson,rgraysonk3@google.com.au,Ford,F250,1995,$195742.18
725,Sarette,Stygall,sstygallk4@marriott.com,Chevrolet,Caprice Classic,1993,$159439.38
726,Waylan,Acheson,wachesonk5@livejournal.com,Mercedes-Benz,SLS-Class,2011,$125889.01
727,Warde,Gomez,wgomezk6@msu.edu,Bentley,Azure,2008,$59960.41
728,Christy,Grelik,cgrelikk7@shareasale.com,BMW,X3,2011,$147441.21
729,Hilton,Flisher,hflisherk8@harvard.edu,Holden,VS Commodore,1997,$142395.78
730,Weidar,McUre,wmcurek9@msn.com,Mazda,MPV,1991,$95536.68
731,Peria,Krysztofiak,pkrysztofiakka@webnode.com,Porsche,911,1993,$171894.28
732,Nicol,Burrell,nburrellkb@addthis.com,GMC,Sonoma Club Coupe,1993,$78483.44
733,Terence,Haggart,thaggartkc@yolasite.com,Mercedes-Benz,SLR McLaren,2006,$173147.96
734,Mechelle,Thorneley,mthorneleykd@live.com,BMW,X5,2003,$164023.40
735,Wally,Moxted,wmoxtedke@reuters.com,Lincoln,Navigator,2003,$99002.30
736,Arlyn,Franzelini,afranzelinikf@bloomberg.com,Kia,Sedona,2012,$151243.06
737,Tera,Matthius,tmatthiuskg@mapy.cz,Mitsubishi,Diamante,2005,$129057.43
738,Ree,Begley,rbegleykh@wikia.com,GMC,Rally Wagon 3500,1993,$186492.39
739,Rayner,Cullingworth,rcullingworthki@theatlantic.com,Buick,Coachbuilder,1992,$36349.93
740,Libbie,Armstead,larmsteadkj@mysql.com,Ford,Taurus,1986,$135884.54
741,Abram,Collen,acollenkk@baidu.com,Plymouth,Acclaim,1995,$140055.92
742,Liam,Brymham,lbrymhamkl@wufoo.com,Porsche,911,1986,$84444.52
743,Aurelie,Bestman,abestmankm@hud.gov,Mazda,Tribute,2006,$56065.42
744,Kendricks,Blaisdell,kblaisdellkn@creativecommons.org,Chevrolet,1500,1994,$31877.42
745,Goraud,Klimkiewich,gklimkiewichko@apple.com,Chrysler,Cirrus,1998,$52857.17
746,Chastity,Conneely,cconneelykp@technorati.com,Ford,Focus,2000,$123884.02
747,Chariot,Melanaphy,cmelanaphykq@upenn.edu,Toyota,Corolla,2005,$80673.15
748,Dorelle,Shearstone,dshearstonekr@parallels.com,Porsche,911,1985,$148464.62
749,Dniren,Bostick,dbostickks@google.com.au,Oldsmobile,Bravada,2003,$32575.45
750,Nana,Linney,nlinneykt@ifeng.com,Geo,Metro,1996,$47007.70
751,Vaughn,Drinkall,vdrinkallku@ow.ly,Honda,Odyssey,2010,$24611.58
752,Gaultiero,Gandar,ggandarkv@gravatar.com,Mercedes-Benz,W201,1986,$160926.34
753,Thia,Checo,tchecokw@dropbox.com,Lexus,ES,2006,$193874.84
754,Ev,Brunsden,ebrunsdenkx@gravatar.com,Chevrolet,Tahoe,2011,$92783.34
755,Archambault,Fitzmaurice,afitzmauriceky@github.com,BMW,3 Series,2001,$31433.18
756,Thalia,Franceschi,tfranceschikz@github.com,Nissan,Pathfinder,2009,$44215.45
757,Bobinette,Tomanek,btomanekl0@dmoz.org,BMW,M6,2009,$32633.50
758,Cosette,Scurfield,cscurfieldl1@netvibes.com,Pontiac,Turbo Firefly,1988,$191042.27
759,Holli,Eyles,heylesl2@netlog.com,Mercury,Cougar,1995,$91821.70
760,Susi,Verey,svereyl3@bbc.co.uk,Land Rover,Discovery,2006,$140660.59
761,Egbert,Ivanchikov,eivanchikovl4@e-recht24.de,Chevrolet,Colorado,2005,$109099.72
762,Sharlene,Meechan,smeechanl5@e-recht24.de,Mitsubishi,Galant,2012,$82356.86
763,Paule,Borland,pborlandl6@shutterfly.com,Audi,A6,1998,$20469.03
764,Paige,Pimm,ppimml7@over-blog.com,Dodge,Ram Van B250,1993,$46596.79
765,Julina,Le Bosse,jlebossel8@umich.edu,Chevrolet,Avalanche,2008,$188755.43
766,Charley,Ruff,cruffl9@dagondesign.com,BMW,7 Series,2008,$115644.50
767,Otto,Seage,oseagela@tmall.com,Ford,F-Series,1988,$154381.05
768,Lamont,Giovannoni,lgiovannonilb@senate.gov,Mitsubishi,Chariot,1992,$63757.48
769,Dreddy,Dwelly,ddwellylc@ca.gov,Toyota,Corolla,2011,$126547.75
770,Erny,Hertwell,ehertwellld@samsung.com,Mitsubishi,Galant,2005,$22153.03
771,Jewel,Nollet,jnolletle@wikipedia.org,Chevrolet,Suburban 1500,2002,$81618.81
772,Carly,Eddisford,ceddisfordlf@state.gov,Oldsmobile,Cutlass Supreme,1996,$96239.07
773,Daisy,Krysztofowicz,dkrysztofowiczlg@virginia.edu,Ford,Bronco,1990,$152909.01
774,Duke,Cockshot,dcockshotlh@opensource.org,Ford,Mustang,1968,$30837.35
775,Tally,Dumper,tdumperli@telegraph.co.uk,Mazda,Mazda6 Sport,2006,$26731.58
776,Eyde,Leyden,eleydenlj@unesco.org,Infiniti,QX,1998,$164497.85
777,Nita,Tynnan,ntynnanlk@auda.org.au,BMW,7 Series,1993,$76373.45
778,Zabrina,Goseling,zgoselingll@ca.gov,Suzuki,Samurai,1993,$50359.73
779,Tilly,Mannering,tmanneringlm@youku.com,Dodge,Dakota Club,2001,$167702.69
780,Nona,Kirtley,nkirtleyln@forbes.com,Acura,TSX,2010,$116424.93
781,Bren,Harmer,bharmerlo@theatlantic.com,Maybach,Landaulet,2010,$104063.75
782,Felike,Athridge,fathridgelp@slate.com,Dodge,Viper,2008,$16038.24
783,Hagen,Hamber,hhamberlq@state.tx.us,Dodge,Grand Caravan,2008,$91720.13
784,Kilian,Clubley,kclubleylr@umn.edu,Subaru,Legacy,2002,$124153.08
785,Ardene,Dayly,adaylyls@ihg.com,BMW,3 Series,2002,$137547.17
786,Briney,Lenard,blenardlt@github.io,Chevrolet,Avalanche 1500,2003,$97803.54
787,Milton,Riseborough,mriseboroughlu@harvard.edu,Audi,Q5,2011,$30151.41
788,Merry,MacCallester,mmaccallesterlv@exblog.jp,Pontiac,Chevette,1987,$101429.80
789,Jobi,Grumley,jgrumleylw@hatena.ne.jp,Dodge,Stratus,1996,$142049.86
790,Moritz,Fishwick,mfishwicklx@themeforest.net,Pontiac,Montana,2005,$19973.24
791,Karalynn,Garden,kgardenly@shop-pro.jp,Buick,Park Avenue,1999,$54317.61
792,Cheri,Attle,cattlelz@economist.com,Ford,F-Series,2010,$21811.42
793,Gian,Tavener,gtavenerm0@pcworld.com,Toyota,Land Cruiser,2005,$193855.90
794,Nealson,Mannooch,nmannoochm1@virginia.edu,Buick,Century,1987,$186658.16
795,Rawley,Tweedle,rtweedlem2@howstuffworks.com,Mercury,Cougar,1988,$100685.19
796,Cristine,Blything,cblythingm3@samsung.com,Nissan,Quest,2001,$28575.15
797,Chiquia,O'Corrane,cocorranem4@multiply.com,Saab,9-5,2009,$183231.74
798,Munroe,Corre,mcorrem5@pagesperso-orange.fr,Toyota,Sienna,2001,$43344.82
799,Garner,Girardetti,ggirardettim6@booking.com,Cadillac,XLR-V,2009,$107249.09
800,Andonis,Agglio,aaggliom7@csmonitor.com,Mazda,B-Series,1994,$138185.19
801,Jo-anne,Nettle,jnettlem8@comcast.net,Toyota,Prius,2003,$30474.38
802,Marilin,Lambrecht,mlambrechtm9@cdbaby.com,Chrysler,Cirrus,2000,$16116.26
803,Natala,Sinnie,nsinniema@independent.co.uk,Honda,Crosstour,2012,$47556.21
804,Kellie,McCawley,kmccawleymb@archive.org,Lamborghini,Gallardo,2003,$80221.30
805,Teirtza,Szymoni,tszymonimc@xing.com,Ford,E-Series,2012,$86434.55
806,Nata,Duling,ndulingmd@vk.com,Suzuki,Equator,2012,$76066.30
807,Nicol,Orsi,norsime@reuters.com,Nissan,200SX,1995,$31058.38
808,Yorgos,Farrand,yfarrandmf@odnoklassniki.ru,Buick,Enclave,2011,$67018.60
809,Isidore,Wadforth,iwadforthmg@photobucket.com,Audi,Cabriolet,1994,$197932.41
810,Malina,Cowherd,mcowherdmh@yelp.com,Ford,Lightning,1994,$156618.91
811,Jandy,Pritchitt,jpritchittmi@mediafire.com,Ford,Explorer,2013,$62236.70
812,Pris,Machen,pmachenmj@wunderground.com,Toyota,Camry,2005,$41374.03
813,Victoir,Rubee,vrubeemk@vinaora.com,Chevrolet,G-Series G20,1992,$91243.94
814,Rose,Manby,rmanbyml@google.com.au,Ford,Windstar,1995,$78426.04
815,Margette,Garrique,mgarriquemm@ft.com,Mercedes-Benz,CLK-Class,2002,$146123.29
816,Lara,Kersey,lkerseymn@yale.edu,Hyundai,Sonata,1996,$88885.18
817,Nate,Cogan,ncoganmo@hostgator.com,Cadillac,DeVille,1996,$196071.53
818,Burch,Hinchshaw,bhinchshawmp@angelfire.com,Mazda,MX-5,2001,$154355.39
819,Jamison,Maguire,jmaguiremq@weebly.com,Infiniti,G,1999,$81438.63
820,Patton,Greenshiels,pgreenshielsmr@google.it,Acura,MDX,2009,$78255.84
821,Beverie,Arrault,barraultms@pen.io,GMC,Envoy,2003,$133689.27
822,Skipton,Norwich,snorwichmt@rambler.ru,Chevrolet,Monte Carlo,1998,$121486.37
823,Milty,Ziehm,mziehmmu@mysql.com,Honda,Civic Si,2003,$14868.05
824,Woodie,Marqyes,wmarqyesmv@auda.org.au,Volkswagen,Cabriolet,1989,$104108.88
825,Demetris,Blacket,dblacketmw@infoseek.co.jp,Chevrolet,Tracker,2004,$181821.90
826,Joyous,De Simone,jdesimonemx@soundcloud.com,GMC,Savana 1500,2011,$74356.68
827,Elmer,Humbie,ehumbiemy@squidoo.com,Ford,Focus,2004,$57449.30
828,Carlos,Wyvill,cwyvillmz@privacy.gov.au,Toyota,Camry Solara,2008,$104848.40
829,Martguerita,Musico,mmusicon0@live.com,Kia,Rondo,2008,$11407.32
830,Sergent,Yoselevitch,syoselevitchn1@msn.com,GMC,1500 Club Coupe,1999,$130935.18
831,Mireille,Byron,mbyronn2@macromedia.com,Nissan,Frontier,1999,$65543.00
832,Kristyn,Higbin,khigbinn3@mapquest.com,Mazda,Mazda6,2009,$85924.95
833,Shaun,Koles,skolesn4@usa.gov,Dodge,Caravan,2007,$142698.65
834,Crissy,Geertje,cgeertjen5@howstuffworks.com,Lincoln,Navigator,1998,$192617.79
835,Karry,Foxton,kfoxtonn6@squidoo.com,GMC,Yukon XL 2500,2008,$51489.65
836,Maurice,Moulsdale,mmoulsdalen7@photobucket.com,Plymouth,Acclaim,1995,$130650.44
837,Eyde,Silverthorn,esilverthornn8@youtu.be,Audi,80,1990,$154094.10
838,Brenden,Florey,bfloreyn9@baidu.com,Cadillac,STS-V,2008,$192290.32
839,Carly,Yakuntsov,cyakuntsovna@prnewswire.com,BMW,X5,2003,$150198.05
840,Breanne,Clara,bclaranb@tinyurl.com,Mercedes-Benz,CL-Class,2010,$183167.08
841,Madlin,Southwick,msouthwicknc@opera.com,Mitsubishi,Chariot,1989,$14102.60
842,Harriette,Eldin,heldinnd@xrea.com,GMC,Savana,2008,$111659.15
843,Karlene,Woolmington,kwoolmingtonne@discuz.net,Lamborghini,Murciélago,2009,$62857.74
844,Ellissa,Timson,etimsonnf@gmpg.org,Audi,Cabriolet,1995,$165002.80
845,Vanessa,Freire,vfreireng@php.net,Chevrolet,HHR,2010,$78460.26
846,Prinz,Karpenko,pkarpenkonh@goo.gl,Pontiac,Bonneville,1993,$136645.59
847,Boycie,Gon,bgonni@cbslocal.com,Buick,LeSabre,1987,$150035.92
848,Gaylord,Akid,gakidnj@wiley.com,Chevrolet,Suburban 1500,1997,$199332.58
849,Kelvin,Catlin,kcatlinnk@wired.com,Mitsubishi,Mighty Max,1992,$177987.63
850,Nissie,Steuart,nsteuartnl@artisteer.com,Kia,Sportage,1996,$11005.25
851,Nadeen,Beedom,nbeedomnm@typepad.com,Lexus,RX,2006,$149311.34
852,Carola,Prettyman,cprettymannn@pbs.org,Pontiac,Bonneville,1996,$56957.41
853,Luise,Hussey,lhusseyno@cornell.edu,Mazda,Mazda6,2008,$79500.76
854,Natasha,McKeller,nmckellernp@rakuten.co.jp,Pontiac,Firefly,1992,$46366.98
855,Coleen,Larenson,clarensonnq@ucla.edu,Subaru,Impreza,2006,$151202.84
856,Lenette,Jolliffe,ljolliffenr@gmpg.org,Chevrolet,Camaro,1972,$14518.49
857,Lebbie,Tunniclisse,ltunniclissens@tuttocitta.it,Ford,Bronco,1991,$42547.04
858,Neely,Cossar,ncossarnt@who.int,Chevrolet,Citation,1980,$81654.02
859,Reinhold,Dhenin,rdheninnu@independent.co.uk,Lexus,SC,2010,$114535.43
860,Frank,Mouth,fmouthnv@cam.ac.uk,MINI,Clubman,2012,$159085.76
861,Sybila,Shears,sshearsnw@so-net.ne.jp,Lotus,Elan,1993,$124000.71
862,Barbee,McDoual,bmcdoualnx@csmonitor.com,GMC,Sonoma,1996,$46206.29
863,Shanie,Wakely,swakelyny@sun.com,GMC,Savana 2500,2006,$127884.01
864,Cordi,Spatarul,cspatarulnz@edublogs.org,Ford,Excursion,2000,$43793.02
865,Guillaume,Hounsom,ghounsomo0@goodreads.com,Lamborghini,Murciélago,2005,$24606.80
866,Jerrold,Westley,jwestleyo1@themeforest.net,Chevrolet,Express 2500,2004,$114412.24
867,Dennet,Lobley,dlobleyo2@cmu.edu,Chevrolet,Express 2500,2002,$174104.47
868,Ariana,Bullar,abullaro3@furl.net,Ford,Five Hundred,2006,$101824.14
869,Lucretia,Beatens,lbeatenso4@cloudflare.com,Toyota,Celica,1976,$121278.29
870,Jaclyn,Domengue,jdomengueo5@exblog.jp,Volkswagen,GTI,1988,$174682.07
871,Jerri,Boness,jbonesso6@weebly.com,Ford,Taurus,2001,$71038.35
872,Jana,Edensor,jedensoro7@clickbank.net,Lincoln,Continental,2001,$104446.91
873,Elsey,Zincke,ezinckeo8@reuters.com,Hyundai,Genesis,2012,$126151.55
874,Farley,Coysh,fcoysho9@1und1.de,Lotus,Esprit,1997,$163541.11
875,Mortie,Gregolin,mgregolinoa@angelfire.com,Lamborghini,Murciélago,2007,$163834.40
876,Pietra,Kittley,pkittleyob@macromedia.com,Chevrolet,Express 2500,2004,$13466.35
877,Selie,Goble,sgobleoc@pinterest.com,Buick,Regal,1994,$60811.81
878,Truda,Gilstin,tgilstinod@fastcompany.com,Ford,E-Series,2005,$173679.13
879,Shane,Eldon,seldonoe@mapy.cz,Lincoln,MKT,2010,$197795.65
880,Roch,Hacking,rhackingof@scribd.com,Porsche,911,1986,$45027.89
881,Alexia,Eva,aevaog@bloglines.com,Maserati,Quattroporte,1986,$53865.07
882,Glendon,Jillitt,gjillittoh@parallels.com,Mitsubishi,Eclipse,2006,$183250.17
883,Bernard,Moulin,bmoulinoi@google.cn,Ford,Econoline E150,1994,$172077.90
884,Emmye,Conor,econoroj@hhs.gov,Honda,Element,2004,$88160.51
885,Ddene,McGreay,dmcgreayok@scientificamerican.com,Maybach,Landaulet,2012,$78227.20
886,Yolanda,Mougin,ymouginol@facebook.com,Chevrolet,LUV,1979,$182013.38
887,Moina,Deverall,mdeverallom@nasa.gov,Ford,Mustang,2004,$128636.19
888,Berrie,Paoli,bpaolion@businesswire.com,Chevrolet,Astro,1993,$167443.35
889,Rayner,Loude,rloudeoo@comsenz.com,Chrysler,Town & Country,2002,$189768.62
890,Easter,Tincknell,etincknellop@simplemachines.org,Isuzu,i-Series,2008,$187147.31
891,Harriet,Dyke,hdykeoq@dot.gov,Kia,Rio,2005,$38084.21
892,Brett,Schinetti,bschinettior@umich.edu,Mitsubishi,Diamante,1993,$39697.18
893,Huntlee,Muckersie,hmuckersieos@mediafire.com,Lexus,GX,2005,$127352.05
894,Lin,Byforth,lbyforthot@cbc.ca,Oldsmobile,Bravada,1999,$93988.21
895,Ivette,Helliar,ihelliarou@spotify.com,Chevrolet,2500,1994,$23483.58
896,Gilbert,Highwood,ghighwoodov@statcounter.com,Mitsubishi,Outlander,2011,$199559.76
897,Lezlie,Feavyour,lfeavyourow@ucsd.edu,Ford,Mustang,2010,$168368.27
898,Craig,Lindeberg,clindebergox@forbes.com,Ford,Escort,1999,$141259.71
899,Simone,Treeby,streebyoy@blogger.com,BMW,Z8,2001,$134285.78
900,Tiebold,Rattrie,trattrieoz@wunderground.com,Dodge,Ram 2500,2004,$188353.31
901,Nikolaos,Haveline,nhavelinep0@ebay.com,Infiniti,FX,2004,$24047.59
902,Amy,McAlister,amcalisterp1@businessinsider.com,Dodge,Charger,1969,$149683.06
903,Kellby,Haverty,khavertyp2@nymag.com,Infiniti,Q,1997,$136595.20
904,Elfrida,Manntschke,emanntschkep3@mit.edu,Oldsmobile,Toronado,1966,$145490.01
905,Konstance,Rizzetti,krizzettip4@merriam-webster.com,Chevrolet,Impala SS,1994,$154396.49
906,Brady,Stormonth,bstormonthp5@stumbleupon.com,Mitsubishi,Challenger,2004,$90981.94
907,Anabelle,Dinsmore,adinsmorep6@edublogs.org,Dodge,Ram Van B350,1993,$164593.53
908,Stillman,Baude,sbaudep7@rediff.com,Chrysler,Sebring,2000,$146324.63
909,Evvie,Speake,espeakep8@i2i.jp,Toyota,Camry,1993,$161093.79
910,Drugi,Mc Cahey,dmccaheyp9@loc.gov,Mercedes-Benz,G55 AMG,2006,$171766.92
911,Fitz,Ganforthe,fganforthepa@dailymotion.com,Volkswagen,Fox,1988,$36031.07
912,Cathlene,Struss,cstrusspb@arizona.edu,Volvo,V70,2010,$12204.64
913,Doy,Fishpool,dfishpoolpc@spiegel.de,Saturn,S-Series,1996,$110573.16
914,Mame,Hick,mhickpd@nydailynews.com,Nissan,Quest,1995,$73090.71
915,Harriot,Heald,hhealdpe@mysql.com,Mitsubishi,Pajero,1991,$88290.87
916,Connie,Cheel,ccheelpf@shareasale.com,Lincoln,Town Car,1993,$36702.03
917,Kermie,Clewarth,kclewarthpg@seattletimes.com,Buick,Regal,1996,$14803.40
918,Rafaello,Copner,rcopnerph@cdbaby.com,Lexus,GS,2010,$56719.89
919,Olympia,Vittore,ovittorepi@theglobeandmail.com,Ford,Crown Victoria,2001,$180303.24
920,Susette,Yanshonok,syanshonokpj@nytimes.com,GMC,Suburban 2500,1995,$172726.70
921,Vic,Akast,vakastpk@who.int,Lincoln,MKZ,2012,$188626.06
922,Lizbeth,Braywood,lbraywoodpl@amazonaws.com,Mitsubishi,Galant,2007,$177822.95
923,Ludovika,Meredith,lmeredithpm@ted.com,Ford,Econoline E150,1992,$54262.92
924,Mollee,St Ledger,mstledgerpn@ftc.gov,Lamborghini,Countach,1987,$53642.20
925,Pennie,Lain,plainpo@ft.com,Lincoln,MKZ,2008,$184012.18
926,Rockey,Edgcumbe,redgcumbepp@phpbb.com,Chrysler,Cirrus,1999,$131052.47
927,Cindee,Gleeson,cgleesonpq@jalbum.net,Ford,Crown Victoria,2004,$163473.10
928,Violet,Gotter,vgotterpr@sun.com,Acura,Legend,1987,$110305.35
929,Quintana,Brackenbury,qbrackenburyps@linkedin.com,Chevrolet,Corvette,1998,$53255.92
930,Cobb,O'Hederscoll,cohederscollpt@mozilla.org,Ford,F150,1984,$159234.73
931,Murry,Lassen,mlassenpu@aboutads.info,Isuzu,Stylus,1992,$173321.27
932,Nicol,Tuxill,ntuxillpv@stumbleupon.com,Chevrolet,Blazer,2002,$195513.59
933,Virgil,Rochester,vrochesterpw@hao123.com,Cadillac,Escalade EXT,2011,$182407.73
934,Luther,Bremmer,lbremmerpx@de.vu,Ford,Aerostar,1997,$145772.32
935,Kelwin,Henfre,khenfrepy@earthlink.net,Daihatsu,Rocky,1992,$68768.64
936,Roslyn,Pavlov,rpavlovpz@ftc.gov,Bentley,Arnage,2009,$115881.73
937,Andras,Sexon,asexonq0@taobao.com,Pontiac,Sunfire,2000,$98595.80
938,Basile,Merrett,bmerrettq1@bbc.co.uk,Chevrolet,G-Series 2500,1997,$113581.56
939,Jocelyne,Brearley,jbrearleyq2@drupal.org,Volkswagen,Jetta,1997,$51774.88
940,Julieta,Stait,jstaitq3@zdnet.com,GMC,Savana 3500,2006,$167333.46
941,Conrad,Nimmo,cnimmoq4@thetimes.co.uk,Bentley,Continental,2011,$85043.16
942,Natale,Mourant,nmourantq5@posterous.com,Honda,CR-V,2003,$69084.55
943,Percival,Barnwall,pbarnwallq6@cargocollective.com,Buick,Regal,1987,$117700.43
944,Dian,Gillan,dgillanq7@so-net.ne.jp,Ford,Expedition,1997,$53816.93
945,Phillie,Khristyukhin,pkhristyukhinq8@nsw.gov.au,Mitsubishi,Diamante,2000,$159077.72
946,Brit,Leving,blevingq9@livejournal.com,Chevrolet,Express 2500,1998,$54649.97
947,Aurelie,Coulthart,acoulthartqa@google.com,Lamborghini,Diablo,1992,$148089.32
948,Arabela,Yearn,ayearnqb@desdev.cn,Infiniti,G,2009,$128367.25
949,Ty,Ladyman,tladymanqc@yahoo.com,Mercury,Marquis,1984,$55611.93
950,Suzy,Chang,schangqd@webs.com,Lexus,IS-F,2010,$18220.62
951,Josselyn,Leah,jleahqe@timesonline.co.uk,Dodge,Grand Caravan,2010,$88952.85
952,Xena,Rodgman,xrodgmanqf@macromedia.com,Chevrolet,G-Series G30,1993,$110753.45
953,Elysha,Blacklock,eblacklockqg@washington.edu,Suzuki,Grand Vitara,2002,$121047.32
954,Victor,Dinsey,vdinseyqh@histats.com,Chevrolet,K5 Blazer,1995,$27951.99
955,Garek,Joint,gjointqi@jalbum.net,Acura,TSX,2004,$123681.24
956,Randee,Circuit,rcircuitqj@nationalgeographic.com,Honda,Accord,1984,$162137.47
957,Sarajane,Spendlove,sspendloveqk@technorati.com,Buick,Coachbuilder,1993,$76497.43
958,Eunice,McFee,emcfeeql@unc.edu,Hyundai,Sonata,1999,$62388.59
959,Herve,Humpherson,hhumphersonqm@weebly.com,GMC,Vandura 2500,1992,$139680.31
960,Nalani,Dudenie,ndudenieqn@columbia.edu,Mitsubishi,Galant,1993,$20104.70
961,Carroll,Tudgay,ctudgayqo@deliciousdays.com,Lexus,LS,1995,$69864.45
962,Valeda,Hunnywell,vhunnywellqp@cafepress.com,Oldsmobile,Custom Cruiser,1992,$77021.73
963,Reinhold,Lightowler,rlightowlerqq@bloomberg.com,Kia,Sedona,2011,$136349.96
964,Adey,O'Doohaine,aodoohaineqr@surveymonkey.com,Pontiac,G6,2005,$33938.78
965,Lonnie,Tolwood,ltolwoodqs@usgs.gov,BMW,X6 M,2012,$83409.13
966,Mahala,Belverstone,mbelverstoneqt@yahoo.co.jp,Chevrolet,Sportvan G30,1995,$71661.49
967,Constantino,Dorward,cdorwardqu@wired.com,Audi,S4,2005,$123315.92
968,Delmore,Lude,dludeqv@purevolume.com,Mercedes-Benz,C-Class,2010,$167216.28
969,Stanwood,Aujean,saujeanqw@creativecommons.org,Infiniti,G35,2008,$98217.95
970,Eartha,Seeney,eseeneyqx@diigo.com,Ford,Econoline E250,2002,$93644.42
971,Arleen,Knath,aknathqy@bloglines.com,Saab,900,1990,$114830.05
972,Giordano,Gurry,ggurryqz@sciencedirect.com,Chrysler,300M,2002,$61672.89
973,Anatole,Odby,aodbyr0@bloomberg.com,Jeep,Wrangler,2010,$166332.88
974,Suzy,Rosenhaupt,srosenhauptr1@hatena.ne.jp,Audi,A4,2010,$124647.72
975,Bink,Beckinsale,bbeckinsaler2@devhub.com,Mazda,626,1983,$97583.87
976,Torey,Basketfield,tbasketfieldr3@seattletimes.com,Volkswagen,Type 2,1990,$198182.20
977,Eulalie,Goshawke,egoshawker4@domainmarket.com,Chevrolet,Astro,1992,$60081.97
978,Eugenia,Yitzhok,eyitzhokr5@webs.com,BMW,545,2004,$166055.93
979,Shaun,Howell,showellr6@shop-pro.jp,Infiniti,Q,1995,$36064.62
980,Winnie,Mughal,wmughalr7@examiner.com,Lexus,ES,2002,$185249.61
981,Lyndsey,Walliker,lwallikerr8@disqus.com,BMW,X3,2012,$181583.29
982,Hinda,Pretley,hpretleyr9@goo.ne.jp,Honda,Accord,2011,$53141.11
983,Jacquetta,Lawling,jlawlingra@google.ru,Chevrolet,Lumina,2001,$184570.55
984,Ilaire,Osboldstone,iosboldstonerb@yandex.ru,Volvo,240,1993,$94155.21
985,Yvon,Meco,ymecorc@prnewswire.com,Toyota,Prius,2010,$129340.49
986,Ringo,Grierson,rgriersonrd@ihg.com,Buick,Regal,1987,$45318.85
987,Tull,Negal,tnegalre@home.pl,Plymouth,Neon,1995,$146648.03
988,Shaine,Learoyd,slearoydrf@ox.ac.uk,Oldsmobile,Ciera,1995,$37699.73
989,Niki,Erb,nerbrg@eventbrite.com,Toyota,Corolla,2006,$37671.58
990,Innis,McCarroll,imccarrollrh@amazon.de,Mercedes-Benz,SL-Class,2007,$39475.54
991,Gilbertina,Lathee,glatheeri@printfriendly.com,Jeep,Wrangler,1999,$37617.90
992,Minta,Madine,mmadinerj@liveinternet.ru,Toyota,Avalon,2000,$61143.12
993,Cass,Mableson,cmablesonrk@cnbc.com,Toyota,Tacoma Xtra,2000,$116692.73
994,Alli,Crankhorn,acrankhornrl@cnn.com,Ford,F250,2001,$146412.98
995,Marissa,Manclark,mmanclarkrm@sina.com.cn,Porsche,928,1994,$16316.11
996,Ramsey,Waszkiewicz,rwaszkiewiczrn@wiley.com,Audi,5000S,1987,$92568.37
997,Gerardo,Grunwall,ggrunwallro@paginegialle.it,Pontiac,Vibe,2004,$56067.20
998,Gris,Rumsey,grumseyrp@apple.com,Lincoln,MKS,2009,$109652.44
999,Onfre,MacRory,omacroryrq@ycombinator.com,Audi,RS 4,2007,$92073.58
1000,Gardie,Romain,gromainrr@google.fr,Mazda,Navajo,1993,$86019.50